CRITICAL - 2022-10-02 08:10:08 --> Undefined property: stdClass::$USC_ID
in APPPATH\Views\exames\create.php on line 145.
 1 APPPATH\Views\exames\create.php(145): CodeIgniter\Debug\Exceptions->errorHandler(2, 'Undefined property: stdClass::$USC_ID', 'APPPATH\\Views\\exames\\create.php', 145)
 2 SYSTEMPATH\View\View.php(213): include('APPPATH\\Views\\exames\\create.php')
 3 SYSTEMPATH\View\View.php(216): CodeIgniter\View\View->CodeIgniter\View\{closure}()
 4 SYSTEMPATH\Common.php(1137): CodeIgniter\View\View->render('/exames/create.php', [], true)
 5 APPPATH\Controllers\ExamesController.php(11): view('/exames/create.php')
 6 SYSTEMPATH\CodeIgniter.php(898): App\Controllers\ExamesController->novo()
 7 SYSTEMPATH\CodeIgniter.php(457): CodeIgniter\CodeIgniter->runController(Object(App\Controllers\ExamesController))
 8 SYSTEMPATH\CodeIgniter.php(340): CodeIgniter\CodeIgniter->handleRequest(null, Object(Config\Cache), false)
 9 FCPATH\index.php(67): CodeIgniter\CodeIgniter->run()
10 SYSTEMPATH\Commands\Server\rewrite.php(43): require_once('FCPATH\\index.php')
CRITICAL - 2022-10-02 08:11:44 --> Undefined variable $usuarioComumPaciente
in APPPATH\Views\exames\create.php on line 121.
 1 APPPATH\Views\exames\create.php(121): CodeIgniter\Debug\Exceptions->errorHandler(2, 'Undefined variable $usuarioComumPaciente', 'APPPATH\\Views\\exames\\create.php', 121)
 2 SYSTEMPATH\View\View.php(213): include('APPPATH\\Views\\exames\\create.php')
 3 SYSTEMPATH\View\View.php(216): CodeIgniter\View\View->CodeIgniter\View\{closure}()
 4 SYSTEMPATH\Common.php(1137): CodeIgniter\View\View->render('/exames/create.php', [], true)
 5 APPPATH\Controllers\ExamesController.php(11): view('/exames/create.php')
 6 SYSTEMPATH\CodeIgniter.php(898): App\Controllers\ExamesController->novo()
 7 SYSTEMPATH\CodeIgniter.php(457): CodeIgniter\CodeIgniter->runController(Object(App\Controllers\ExamesController))
 8 SYSTEMPATH\CodeIgniter.php(340): CodeIgniter\CodeIgniter->handleRequest(null, Object(Config\Cache), false)
 9 FCPATH\index.php(67): CodeIgniter\CodeIgniter->run()
10 SYSTEMPATH\Commands\Server\rewrite.php(43): require_once('FCPATH\\index.php')
CRITICAL - 2022-10-02 08:12:31 --> Undefined variable $usuarioComumPaciente
in APPPATH\Views\exames\create.php on line 123.
 1 APPPATH\Views\exames\create.php(123): CodeIgniter\Debug\Exceptions->errorHandler(2, 'Undefined variable $usuarioComumPaciente', 'APPPATH\\Views\\exames\\create.php', 123)
 2 SYSTEMPATH\View\View.php(213): include('APPPATH\\Views\\exames\\create.php')
 3 SYSTEMPATH\View\View.php(216): CodeIgniter\View\View->CodeIgniter\View\{closure}()
 4 SYSTEMPATH\Common.php(1137): CodeIgniter\View\View->render('/exames/create.php', [], true)
 5 APPPATH\Controllers\ExamesController.php(11): view('/exames/create.php')
 6 SYSTEMPATH\CodeIgniter.php(898): App\Controllers\ExamesController->novo()
 7 SYSTEMPATH\CodeIgniter.php(457): CodeIgniter\CodeIgniter->runController(Object(App\Controllers\ExamesController))
 8 SYSTEMPATH\CodeIgniter.php(340): CodeIgniter\CodeIgniter->handleRequest(null, Object(Config\Cache), false)
 9 FCPATH\index.php(67): CodeIgniter\CodeIgniter->run()
10 SYSTEMPATH\Commands\Server\rewrite.php(43): require_once('FCPATH\\index.php')
CRITICAL - 2022-10-02 08:12:32 --> Undefined variable $usuarioComumPaciente
in APPPATH\Views\exames\create.php on line 123.
 1 APPPATH\Views\exames\create.php(123): CodeIgniter\Debug\Exceptions->errorHandler(2, 'Undefined variable $usuarioComumPaciente', 'APPPATH\\Views\\exames\\create.php', 123)
 2 SYSTEMPATH\View\View.php(213): include('APPPATH\\Views\\exames\\create.php')
 3 SYSTEMPATH\View\View.php(216): CodeIgniter\View\View->CodeIgniter\View\{closure}()
 4 SYSTEMPATH\Common.php(1137): CodeIgniter\View\View->render('/exames/create.php', [], true)
 5 APPPATH\Controllers\ExamesController.php(11): view('/exames/create.php')
 6 SYSTEMPATH\CodeIgniter.php(898): App\Controllers\ExamesController->novo()
 7 SYSTEMPATH\CodeIgniter.php(457): CodeIgniter\CodeIgniter->runController(Object(App\Controllers\ExamesController))
 8 SYSTEMPATH\CodeIgniter.php(340): CodeIgniter\CodeIgniter->handleRequest(null, Object(Config\Cache), false)
 9 FCPATH\index.php(67): CodeIgniter\CodeIgniter->run()
10 SYSTEMPATH\Commands\Server\rewrite.php(43): require_once('FCPATH\\index.php')
CRITICAL - 2022-10-02 08:12:33 --> Undefined variable $usuarioComumPaciente
in APPPATH\Views\exames\create.php on line 123.
 1 APPPATH\Views\exames\create.php(123): CodeIgniter\Debug\Exceptions->errorHandler(2, 'Undefined variable $usuarioComumPaciente', 'APPPATH\\Views\\exames\\create.php', 123)
 2 SYSTEMPATH\View\View.php(213): include('APPPATH\\Views\\exames\\create.php')
 3 SYSTEMPATH\View\View.php(216): CodeIgniter\View\View->CodeIgniter\View\{closure}()
 4 SYSTEMPATH\Common.php(1137): CodeIgniter\View\View->render('/exames/create.php', [], true)
 5 APPPATH\Controllers\ExamesController.php(11): view('/exames/create.php')
 6 SYSTEMPATH\CodeIgniter.php(898): App\Controllers\ExamesController->novo()
 7 SYSTEMPATH\CodeIgniter.php(457): CodeIgniter\CodeIgniter->runController(Object(App\Controllers\ExamesController))
 8 SYSTEMPATH\CodeIgniter.php(340): CodeIgniter\CodeIgniter->handleRequest(null, Object(Config\Cache), false)
 9 FCPATH\index.php(67): CodeIgniter\CodeIgniter->run()
10 SYSTEMPATH\Commands\Server\rewrite.php(43): require_once('FCPATH\\index.php')
CRITICAL - 2022-10-02 08:12:34 --> Undefined variable $usuarioComumPaciente
in APPPATH\Views\exames\create.php on line 123.
 1 APPPATH\Views\exames\create.php(123): CodeIgniter\Debug\Exceptions->errorHandler(2, 'Undefined variable $usuarioComumPaciente', 'APPPATH\\Views\\exames\\create.php', 123)
 2 SYSTEMPATH\View\View.php(213): include('APPPATH\\Views\\exames\\create.php')
 3 SYSTEMPATH\View\View.php(216): CodeIgniter\View\View->CodeIgniter\View\{closure}()
 4 SYSTEMPATH\Common.php(1137): CodeIgniter\View\View->render('/exames/create.php', [], true)
 5 APPPATH\Controllers\ExamesController.php(11): view('/exames/create.php')
 6 SYSTEMPATH\CodeIgniter.php(898): App\Controllers\ExamesController->novo()
 7 SYSTEMPATH\CodeIgniter.php(457): CodeIgniter\CodeIgniter->runController(Object(App\Controllers\ExamesController))
 8 SYSTEMPATH\CodeIgniter.php(340): CodeIgniter\CodeIgniter->handleRequest(null, Object(Config\Cache), false)
 9 FCPATH\index.php(67): CodeIgniter\CodeIgniter->run()
10 SYSTEMPATH\Commands\Server\rewrite.php(43): require_once('FCPATH\\index.php')
CRITICAL - 2022-10-02 08:12:34 --> Undefined variable $usuarioComumPaciente
in APPPATH\Views\exames\create.php on line 123.
 1 APPPATH\Views\exames\create.php(123): CodeIgniter\Debug\Exceptions->errorHandler(2, 'Undefined variable $usuarioComumPaciente', 'APPPATH\\Views\\exames\\create.php', 123)
 2 SYSTEMPATH\View\View.php(213): include('APPPATH\\Views\\exames\\create.php')
 3 SYSTEMPATH\View\View.php(216): CodeIgniter\View\View->CodeIgniter\View\{closure}()
 4 SYSTEMPATH\Common.php(1137): CodeIgniter\View\View->render('/exames/create.php', [], true)
 5 APPPATH\Controllers\ExamesController.php(11): view('/exames/create.php')
 6 SYSTEMPATH\CodeIgniter.php(898): App\Controllers\ExamesController->novo()
 7 SYSTEMPATH\CodeIgniter.php(457): CodeIgniter\CodeIgniter->runController(Object(App\Controllers\ExamesController))
 8 SYSTEMPATH\CodeIgniter.php(340): CodeIgniter\CodeIgniter->handleRequest(null, Object(Config\Cache), false)
 9 FCPATH\index.php(67): CodeIgniter\CodeIgniter->run()
10 SYSTEMPATH\Commands\Server\rewrite.php(43): require_once('FCPATH\\index.php')
CRITICAL - 2022-10-02 08:12:37 --> Undefined variable $usuarioComumPaciente
in APPPATH\Views\exames\create.php on line 123.
 1 APPPATH\Views\exames\create.php(123): CodeIgniter\Debug\Exceptions->errorHandler(2, 'Undefined variable $usuarioComumPaciente', 'APPPATH\\Views\\exames\\create.php', 123)
 2 SYSTEMPATH\View\View.php(213): include('APPPATH\\Views\\exames\\create.php')
 3 SYSTEMPATH\View\View.php(216): CodeIgniter\View\View->CodeIgniter\View\{closure}()
 4 SYSTEMPATH\Common.php(1137): CodeIgniter\View\View->render('/exames/create.php', [], true)
 5 APPPATH\Controllers\ExamesController.php(11): view('/exames/create.php')
 6 SYSTEMPATH\CodeIgniter.php(898): App\Controllers\ExamesController->novo()
 7 SYSTEMPATH\CodeIgniter.php(457): CodeIgniter\CodeIgniter->runController(Object(App\Controllers\ExamesController))
 8 SYSTEMPATH\CodeIgniter.php(340): CodeIgniter\CodeIgniter->handleRequest(null, Object(Config\Cache), false)
 9 FCPATH\index.php(67): CodeIgniter\CodeIgniter->run()
10 SYSTEMPATH\Commands\Server\rewrite.php(43): require_once('FCPATH\\index.php')
CRITICAL - 2022-10-02 08:14:13 --> Undefined variable $usuarioComumPaciente
in APPPATH\Views\exames\create.php on line 123.
 1 APPPATH\Views\exames\create.php(123): CodeIgniter\Debug\Exceptions->errorHandler(2, 'Undefined variable $usuarioComumPaciente', 'APPPATH\\Views\\exames\\create.php', 123)
 2 SYSTEMPATH\View\View.php(213): include('APPPATH\\Views\\exames\\create.php')
 3 SYSTEMPATH\View\View.php(216): CodeIgniter\View\View->CodeIgniter\View\{closure}()
 4 SYSTEMPATH\Common.php(1137): CodeIgniter\View\View->render('/exames/create.php', [], true)
 5 APPPATH\Controllers\ExamesController.php(11): view('/exames/create.php')
 6 SYSTEMPATH\CodeIgniter.php(898): App\Controllers\ExamesController->novo()
 7 SYSTEMPATH\CodeIgniter.php(457): CodeIgniter\CodeIgniter->runController(Object(App\Controllers\ExamesController))
 8 SYSTEMPATH\CodeIgniter.php(340): CodeIgniter\CodeIgniter->handleRequest(null, Object(Config\Cache), false)
 9 FCPATH\index.php(67): CodeIgniter\CodeIgniter->run()
10 SYSTEMPATH\Commands\Server\rewrite.php(43): require_once('FCPATH\\index.php')
CRITICAL - 2022-10-02 08:14:15 --> Undefined variable $usuarioComumPaciente
in APPPATH\Views\exames\create.php on line 123.
 1 APPPATH\Views\exames\create.php(123): CodeIgniter\Debug\Exceptions->errorHandler(2, 'Undefined variable $usuarioComumPaciente', 'APPPATH\\Views\\exames\\create.php', 123)
 2 SYSTEMPATH\View\View.php(213): include('APPPATH\\Views\\exames\\create.php')
 3 SYSTEMPATH\View\View.php(216): CodeIgniter\View\View->CodeIgniter\View\{closure}()
 4 SYSTEMPATH\Common.php(1137): CodeIgniter\View\View->render('/exames/create.php', [], true)
 5 APPPATH\Controllers\ExamesController.php(11): view('/exames/create.php')
 6 SYSTEMPATH\CodeIgniter.php(898): App\Controllers\ExamesController->novo()
 7 SYSTEMPATH\CodeIgniter.php(457): CodeIgniter\CodeIgniter->runController(Object(App\Controllers\ExamesController))
 8 SYSTEMPATH\CodeIgniter.php(340): CodeIgniter\CodeIgniter->handleRequest(null, Object(Config\Cache), false)
 9 FCPATH\index.php(67): CodeIgniter\CodeIgniter->run()
10 SYSTEMPATH\Commands\Server\rewrite.php(43): require_once('FCPATH\\index.php')
CRITICAL - 2022-10-02 08:15:21 -->  is not a valid rule.
in SYSTEMPATH\Validation\Validation.php on line 316.
 1 SYSTEMPATH\Validation\Validation.php(316): CodeIgniter\Validation\Exceptions\ValidationException::forRuleNotFound('ROOTPATH\\public')
 2 SYSTEMPATH\Validation\Validation.php(175): CodeIgniter\Validation\Validation->processRules('EXM_AUTORIZADO', 'EXM_AUTORIZADO', null, [...], [...])
 3 SYSTEMPATH\BaseModel.php(1350): CodeIgniter\Validation\Validation->run([...], null, null)
 4 SYSTEMPATH\BaseModel.php(707): CodeIgniter\BaseModel->validate([...])
 5 SYSTEMPATH\Model.php(666): CodeIgniter\BaseModel->insert([...], false)
 6 SYSTEMPATH\BaseModel.php(658): CodeIgniter\Model->insert(Object(App\Entities\Exames), false)
 7 APPPATH\Controllers\ExamesController.php(25): CodeIgniter\BaseModel->save(Object(App\Entities\Exames))
 8 SYSTEMPATH\CodeIgniter.php(898): App\Controllers\ExamesController->salvar()
 9 SYSTEMPATH\CodeIgniter.php(457): CodeIgniter\CodeIgniter->runController(Object(App\Controllers\ExamesController))
10 SYSTEMPATH\CodeIgniter.php(340): CodeIgniter\CodeIgniter->handleRequest(null, Object(Config\Cache), false)
11 FCPATH\index.php(67): CodeIgniter\CodeIgniter->run()
12 SYSTEMPATH\Commands\Server\rewrite.php(43): require_once('FCPATH\\index.php')
CRITICAL - 2022-10-02 08:15:44 -->  is not a valid rule.
in SYSTEMPATH\Validation\Validation.php on line 316.
 1 SYSTEMPATH\Validation\Validation.php(316): CodeIgniter\Validation\Exceptions\ValidationException::forRuleNotFound('ROOTPATH\\public')
 2 SYSTEMPATH\Validation\Validation.php(175): CodeIgniter\Validation\Validation->processRules('EXM_AUTORIZADO', 'EXM_AUTORIZADO', null, [...], [...])
 3 SYSTEMPATH\BaseModel.php(1350): CodeIgniter\Validation\Validation->run([...], null, null)
 4 SYSTEMPATH\BaseModel.php(707): CodeIgniter\BaseModel->validate([...])
 5 SYSTEMPATH\Model.php(666): CodeIgniter\BaseModel->insert([...], false)
 6 SYSTEMPATH\BaseModel.php(658): CodeIgniter\Model->insert(Object(App\Entities\Exames), false)
 7 APPPATH\Controllers\ExamesController.php(25): CodeIgniter\BaseModel->save(Object(App\Entities\Exames))
 8 SYSTEMPATH\CodeIgniter.php(898): App\Controllers\ExamesController->salvar()
 9 SYSTEMPATH\CodeIgniter.php(457): CodeIgniter\CodeIgniter->runController(Object(App\Controllers\ExamesController))
10 SYSTEMPATH\CodeIgniter.php(340): CodeIgniter\CodeIgniter->handleRequest(null, Object(Config\Cache), false)
11 FCPATH\index.php(67): CodeIgniter\CodeIgniter->run()
12 SYSTEMPATH\Commands\Server\rewrite.php(43): require_once('FCPATH\\index.php')
CRITICAL - 2022-10-02 08:50:51 --> Undefined property: stdClass::$USC_ID
in APPPATH\Views\exames\create.php on line 135.
 1 APPPATH\Views\exames\create.php(135): CodeIgniter\Debug\Exceptions->errorHandler(2, 'Undefined property: stdClass::$USC_ID', 'APPPATH\\Views\\exames\\create.php', 135)
 2 SYSTEMPATH\View\View.php(213): include('APPPATH\\Views\\exames\\create.php')
 3 SYSTEMPATH\View\View.php(216): CodeIgniter\View\View->CodeIgniter\View\{closure}()
 4 SYSTEMPATH\Common.php(1137): CodeIgniter\View\View->render('/exames/create.php', [], true)
 5 APPPATH\Controllers\ExamesController.php(11): view('/exames/create.php')
 6 SYSTEMPATH\CodeIgniter.php(898): App\Controllers\ExamesController->novo()
 7 SYSTEMPATH\CodeIgniter.php(457): CodeIgniter\CodeIgniter->runController(Object(App\Controllers\ExamesController))
 8 SYSTEMPATH\CodeIgniter.php(340): CodeIgniter\CodeIgniter->handleRequest(null, Object(Config\Cache), false)
 9 FCPATH\index.php(67): CodeIgniter\CodeIgniter->run()
10 SYSTEMPATH\Commands\Server\rewrite.php(43): require_once('FCPATH\\index.php')
CRITICAL - 2022-10-02 08:52:09 -->  is not a valid rule.
in SYSTEMPATH\Validation\Validation.php on line 316.
 1 SYSTEMPATH\Validation\Validation.php(316): CodeIgniter\Validation\Exceptions\ValidationException::forRuleNotFound('ROOTPATH\\public')
 2 SYSTEMPATH\Validation\Validation.php(175): CodeIgniter\Validation\Validation->processRules('EXM_AUTORIZADO', 'EXM_AUTORIZADO', null, [...], [...])
 3 SYSTEMPATH\BaseModel.php(1350): CodeIgniter\Validation\Validation->run([...], null, null)
 4 SYSTEMPATH\BaseModel.php(707): CodeIgniter\BaseModel->validate([...])
 5 SYSTEMPATH\Model.php(666): CodeIgniter\BaseModel->insert([...], false)
 6 SYSTEMPATH\BaseModel.php(658): CodeIgniter\Model->insert(Object(App\Entities\Exames), false)
 7 APPPATH\Controllers\ExamesController.php(25): CodeIgniter\BaseModel->save(Object(App\Entities\Exames))
 8 SYSTEMPATH\CodeIgniter.php(898): App\Controllers\ExamesController->salvar()
 9 SYSTEMPATH\CodeIgniter.php(457): CodeIgniter\CodeIgniter->runController(Object(App\Controllers\ExamesController))
10 SYSTEMPATH\CodeIgniter.php(340): CodeIgniter\CodeIgniter->handleRequest(null, Object(Config\Cache), false)
11 FCPATH\index.php(67): CodeIgniter\CodeIgniter->run()
12 SYSTEMPATH\Commands\Server\rewrite.php(43): require_once('FCPATH\\index.php')
CRITICAL - 2022-10-02 08:55:04 --> Array to string conversion
in APPPATH\Views\exames\list.php on line 130.
 1 APPPATH\Views\exames\list.php(130): CodeIgniter\Debug\Exceptions->errorHandler(2, 'Array to string conversion', 'APPPATH\\Views\\exames\\list.php', 130)
 2 SYSTEMPATH\View\View.php(213): include('APPPATH\\Views\\exames\\list.php')
 3 SYSTEMPATH\View\View.php(216): CodeIgniter\View\View->CodeIgniter\View\{closure}()
 4 SYSTEMPATH\Common.php(1137): CodeIgniter\View\View->render('/exames/list.php', [], true)
 5 APPPATH\Controllers\ExamesController.php(15): view('/exames/list.php')
 6 SYSTEMPATH\CodeIgniter.php(898): App\Controllers\ExamesController->listagem()
 7 SYSTEMPATH\CodeIgniter.php(457): CodeIgniter\CodeIgniter->runController(Object(App\Controllers\ExamesController))
 8 SYSTEMPATH\CodeIgniter.php(340): CodeIgniter\CodeIgniter->handleRequest(null, Object(Config\Cache), false)
 9 FCPATH\index.php(67): CodeIgniter\CodeIgniter->run()
10 SYSTEMPATH\Commands\Server\rewrite.php(43): require_once('FCPATH\\index.php')
CRITICAL - 2022-10-02 10:10:29 --> Undefined variable $medID
in APPPATH\Views\exames\list.php on line 125.
 1 APPPATH\Views\exames\list.php(125): CodeIgniter\Debug\Exceptions->errorHandler(2, 'Undefined variable $medID', 'APPPATH\\Views\\exames\\list.php', 125)
 2 SYSTEMPATH\View\View.php(213): include('APPPATH\\Views\\exames\\list.php')
 3 SYSTEMPATH\View\View.php(216): CodeIgniter\View\View->CodeIgniter\View\{closure}()
 4 SYSTEMPATH\Common.php(1137): CodeIgniter\View\View->render('/exames/list.php', [], true)
 5 APPPATH\Controllers\ExamesController.php(15): view('/exames/list.php')
 6 SYSTEMPATH\CodeIgniter.php(898): App\Controllers\ExamesController->listagem()
 7 SYSTEMPATH\CodeIgniter.php(457): CodeIgniter\CodeIgniter->runController(Object(App\Controllers\ExamesController))
 8 SYSTEMPATH\CodeIgniter.php(340): CodeIgniter\CodeIgniter->handleRequest(null, Object(Config\Cache), false)
 9 FCPATH\index.php(67): CodeIgniter\CodeIgniter->run()
10 SYSTEMPATH\Commands\Server\rewrite.php(43): require_once('FCPATH\\index.php')
CRITICAL - 2022-10-02 10:10:47 --> Undefined variable $medicoID
in APPPATH\Views\exames\list.php on line 125.
 1 APPPATH\Views\exames\list.php(125): CodeIgniter\Debug\Exceptions->errorHandler(2, 'Undefined variable $medicoID', 'APPPATH\\Views\\exames\\list.php', 125)
 2 SYSTEMPATH\View\View.php(213): include('APPPATH\\Views\\exames\\list.php')
 3 SYSTEMPATH\View\View.php(216): CodeIgniter\View\View->CodeIgniter\View\{closure}()
 4 SYSTEMPATH\Common.php(1137): CodeIgniter\View\View->render('/exames/list.php', [], true)
 5 APPPATH\Controllers\ExamesController.php(15): view('/exames/list.php')
 6 SYSTEMPATH\CodeIgniter.php(898): App\Controllers\ExamesController->listagem()
 7 SYSTEMPATH\CodeIgniter.php(457): CodeIgniter\CodeIgniter->runController(Object(App\Controllers\ExamesController))
 8 SYSTEMPATH\CodeIgniter.php(340): CodeIgniter\CodeIgniter->handleRequest(null, Object(Config\Cache), false)
 9 FCPATH\index.php(67): CodeIgniter\CodeIgniter->run()
10 SYSTEMPATH\Commands\Server\rewrite.php(43): require_once('FCPATH\\index.php')
ERROR - 2022-10-02 10:12:48 --> mysqli_sql_exception: Unknown column 'e.FK_MEDICO_ID' in 'where clause' in D:\Omnimed\pidc2022\desenvolvimento\comum\Sprint-int01\system\Database\MySQLi\Connection.php:292
Stack trace:
#0 D:\Omnimed\pidc2022\desenvolvimento\comum\Sprint-int01\system\Database\MySQLi\Connection.php(292): mysqli->query('SELECT u.USC_NO...', 0)
#1 D:\Omnimed\pidc2022\desenvolvimento\comum\Sprint-int01\system\Database\BaseConnection.php(693): CodeIgniter\Database\MySQLi\Connection->execute('SELECT u.USC_NO...')
#2 D:\Omnimed\pidc2022\desenvolvimento\comum\Sprint-int01\system\Database\BaseConnection.php(620): CodeIgniter\Database\BaseConnection->simpleQuery('SELECT u.USC_NO...')
#3 D:\Omnimed\pidc2022\desenvolvimento\comum\Sprint-int01\app\Views\exames\list.php(125): CodeIgniter\Database\BaseConnection->query('SELECT u.USC_NO...')
#4 D:\Omnimed\pidc2022\desenvolvimento\comum\Sprint-int01\system\View\View.php(213): include('D:\\Omnimed\\pidc...')
#5 D:\Omnimed\pidc2022\desenvolvimento\comum\Sprint-int01\system\View\View.php(216): CodeIgniter\View\View->CodeIgniter\View\{closure}()
#6 D:\Omnimed\pidc2022\desenvolvimento\comum\Sprint-int01\system\Common.php(1137): CodeIgniter\View\View->render('/exames/list.ph...', Array, true)
#7 D:\Omnimed\pidc2022\desenvolvimento\comum\Sprint-int01\app\Controllers\ExamesController.php(15): view('/exames/list.ph...')
#8 D:\Omnimed\pidc2022\desenvolvimento\comum\Sprint-int01\system\CodeIgniter.php(898): App\Controllers\ExamesController->listagem()
#9 D:\Omnimed\pidc2022\desenvolvimento\comum\Sprint-int01\system\CodeIgniter.php(457): CodeIgniter\CodeIgniter->runController(Object(App\Controllers\ExamesController))
#10 D:\Omnimed\pidc2022\desenvolvimento\comum\Sprint-int01\system\CodeIgniter.php(340): CodeIgniter\CodeIgniter->handleRequest(NULL, Object(Config\Cache), false)
#11 D:\Omnimed\pidc2022\desenvolvimento\comum\Sprint-int01\public\index.php(67): CodeIgniter\CodeIgniter->run()
#12 D:\Omnimed\pidc2022\desenvolvimento\comum\Sprint-int01\system\Commands\Server\rewrite.php(43): require_once('D:\\Omnimed\\pidc...')
#13 {main}
CRITICAL - 2022-10-02 10:12:48 --> Unknown column 'e.FK_MEDICO_ID' in 'where clause'
in SYSTEMPATH\Database\MySQLi\Connection.php on line 292.
 1 SYSTEMPATH\Database\MySQLi\Connection.php(292): mysqli->query('SELECT u.USC_NOME FROM exames as e, medicos as m, funcionarios as f, usuario_comum as u WHERE e.FK_MEDICO_ID = 1 AND e.FK_MEDICOS_MED_ID = m.MED_ID AND m.FK_FUNCIONARIOS_FUN_ID = f.FUN_ID AND f.FK_USUARIO_COMUM_USC_ID = u.USC_ID;', 0)
 2 SYSTEMPATH\Database\BaseConnection.php(693): CodeIgniter\Database\MySQLi\Connection->execute('SELECT u.USC_NOME FROM exames as e, medicos as m, funcionarios as f, usuario_comum as u WHERE e.FK_MEDICO_ID = 1 AND e.FK_MEDICOS_MED_ID = m.MED_ID AND m.FK_FUNCIONARIOS_FUN_ID = f.FUN_ID AND f.FK_USUARIO_COMUM_USC_ID = u.USC_ID;')
 3 SYSTEMPATH\Database\BaseConnection.php(620): CodeIgniter\Database\BaseConnection->simpleQuery('SELECT u.USC_NOME FROM exames as e, medicos as m, funcionarios as f, usuario_comum as u WHERE e.FK_MEDICO_ID = 1 AND e.FK_MEDICOS_MED_ID = m.MED_ID AND m.FK_FUNCIONARIOS_FUN_ID = f.FUN_ID AND f.FK_USUARIO_COMUM_USC_ID = u.USC_ID;')
 4 APPPATH\Views\exames\list.php(125): CodeIgniter\Database\BaseConnection->query('SELECT u.USC_NOME FROM exames as e, medicos as m, funcionarios as f, usuario_comum as u WHERE e.FK_MEDICO_ID = 1 AND e.FK_MEDICOS_MED_ID = m.MED_ID AND m.FK_FUNCIONARIOS_FUN_ID = f.FUN_ID AND f.FK_USUARIO_COMUM_USC_ID = u.USC_ID;')
 5 SYSTEMPATH\View\View.php(213): include('APPPATH\\Views\\exames\\list.php')
 6 SYSTEMPATH\View\View.php(216): CodeIgniter\View\View->CodeIgniter\View\{closure}()
 7 SYSTEMPATH\Common.php(1137): CodeIgniter\View\View->render('/exames/list.php', [], true)
 8 APPPATH\Controllers\ExamesController.php(15): view('/exames/list.php')
 9 SYSTEMPATH\CodeIgniter.php(898): App\Controllers\ExamesController->listagem()
10 SYSTEMPATH\CodeIgniter.php(457): CodeIgniter\CodeIgniter->runController(Object(App\Controllers\ExamesController))
11 SYSTEMPATH\CodeIgniter.php(340): CodeIgniter\CodeIgniter->handleRequest(null, Object(Config\Cache), false)
12 FCPATH\index.php(67): CodeIgniter\CodeIgniter->run()
13 SYSTEMPATH\Commands\Server\rewrite.php(43): require_once('FCPATH\\index.php')
ERROR - 2022-10-02 10:13:10 --> mysqli_sql_exception: Unknown column 'e.FK_MED_ID' in 'where clause' in D:\Omnimed\pidc2022\desenvolvimento\comum\Sprint-int01\system\Database\MySQLi\Connection.php:292
Stack trace:
#0 D:\Omnimed\pidc2022\desenvolvimento\comum\Sprint-int01\system\Database\MySQLi\Connection.php(292): mysqli->query('SELECT u.USC_NO...', 0)
#1 D:\Omnimed\pidc2022\desenvolvimento\comum\Sprint-int01\system\Database\BaseConnection.php(693): CodeIgniter\Database\MySQLi\Connection->execute('SELECT u.USC_NO...')
#2 D:\Omnimed\pidc2022\desenvolvimento\comum\Sprint-int01\system\Database\BaseConnection.php(620): CodeIgniter\Database\BaseConnection->simpleQuery('SELECT u.USC_NO...')
#3 D:\Omnimed\pidc2022\desenvolvimento\comum\Sprint-int01\app\Views\exames\list.php(125): CodeIgniter\Database\BaseConnection->query('SELECT u.USC_NO...')
#4 D:\Omnimed\pidc2022\desenvolvimento\comum\Sprint-int01\system\View\View.php(213): include('D:\\Omnimed\\pidc...')
#5 D:\Omnimed\pidc2022\desenvolvimento\comum\Sprint-int01\system\View\View.php(216): CodeIgniter\View\View->CodeIgniter\View\{closure}()
#6 D:\Omnimed\pidc2022\desenvolvimento\comum\Sprint-int01\system\Common.php(1137): CodeIgniter\View\View->render('/exames/list.ph...', Array, true)
#7 D:\Omnimed\pidc2022\desenvolvimento\comum\Sprint-int01\app\Controllers\ExamesController.php(15): view('/exames/list.ph...')
#8 D:\Omnimed\pidc2022\desenvolvimento\comum\Sprint-int01\system\CodeIgniter.php(898): App\Controllers\ExamesController->listagem()
#9 D:\Omnimed\pidc2022\desenvolvimento\comum\Sprint-int01\system\CodeIgniter.php(457): CodeIgniter\CodeIgniter->runController(Object(App\Controllers\ExamesController))
#10 D:\Omnimed\pidc2022\desenvolvimento\comum\Sprint-int01\system\CodeIgniter.php(340): CodeIgniter\CodeIgniter->handleRequest(NULL, Object(Config\Cache), false)
#11 D:\Omnimed\pidc2022\desenvolvimento\comum\Sprint-int01\public\index.php(67): CodeIgniter\CodeIgniter->run()
#12 D:\Omnimed\pidc2022\desenvolvimento\comum\Sprint-int01\system\Commands\Server\rewrite.php(43): require_once('D:\\Omnimed\\pidc...')
#13 {main}
CRITICAL - 2022-10-02 10:13:10 --> Unknown column 'e.FK_MED_ID' in 'where clause'
in SYSTEMPATH\Database\MySQLi\Connection.php on line 292.
 1 SYSTEMPATH\Database\MySQLi\Connection.php(292): mysqli->query('SELECT u.USC_NOME FROM exames as e, medicos as m, funcionarios as f, usuario_comum as u WHERE e.FK_MED_ID = 1 AND e.FK_MEDICOS_MED_ID = m.MED_ID AND m.FK_FUNCIONARIOS_FUN_ID = f.FUN_ID AND f.FK_USUARIO_COMUM_USC_ID = u.USC_ID;', 0)
 2 SYSTEMPATH\Database\BaseConnection.php(693): CodeIgniter\Database\MySQLi\Connection->execute('SELECT u.USC_NOME FROM exames as e, medicos as m, funcionarios as f, usuario_comum as u WHERE e.FK_MED_ID = 1 AND e.FK_MEDICOS_MED_ID = m.MED_ID AND m.FK_FUNCIONARIOS_FUN_ID = f.FUN_ID AND f.FK_USUARIO_COMUM_USC_ID = u.USC_ID;')
 3 SYSTEMPATH\Database\BaseConnection.php(620): CodeIgniter\Database\BaseConnection->simpleQuery('SELECT u.USC_NOME FROM exames as e, medicos as m, funcionarios as f, usuario_comum as u WHERE e.FK_MED_ID = 1 AND e.FK_MEDICOS_MED_ID = m.MED_ID AND m.FK_FUNCIONARIOS_FUN_ID = f.FUN_ID AND f.FK_USUARIO_COMUM_USC_ID = u.USC_ID;')
 4 APPPATH\Views\exames\list.php(125): CodeIgniter\Database\BaseConnection->query('SELECT u.USC_NOME FROM exames as e, medicos as m, funcionarios as f, usuario_comum as u WHERE e.FK_MED_ID = 1 AND e.FK_MEDICOS_MED_ID = m.MED_ID AND m.FK_FUNCIONARIOS_FUN_ID = f.FUN_ID AND f.FK_USUARIO_COMUM_USC_ID = u.USC_ID;')
 5 SYSTEMPATH\View\View.php(213): include('APPPATH\\Views\\exames\\list.php')
 6 SYSTEMPATH\View\View.php(216): CodeIgniter\View\View->CodeIgniter\View\{closure}()
 7 SYSTEMPATH\Common.php(1137): CodeIgniter\View\View->render('/exames/list.php', [], true)
 8 APPPATH\Controllers\ExamesController.php(15): view('/exames/list.php')
 9 SYSTEMPATH\CodeIgniter.php(898): App\Controllers\ExamesController->listagem()
10 SYSTEMPATH\CodeIgniter.php(457): CodeIgniter\CodeIgniter->runController(Object(App\Controllers\ExamesController))
11 SYSTEMPATH\CodeIgniter.php(340): CodeIgniter\CodeIgniter->handleRequest(null, Object(Config\Cache), false)
12 FCPATH\index.php(67): CodeIgniter\CodeIgniter->run()
13 SYSTEMPATH\Commands\Server\rewrite.php(43): require_once('FCPATH\\index.php')
ERROR - 2022-10-02 10:13:39 --> mysqli_sql_exception: Unknown column 'e.FK_MED_ID' in 'where clause' in D:\Omnimed\pidc2022\desenvolvimento\comum\Sprint-int01\system\Database\MySQLi\Connection.php:292
Stack trace:
#0 D:\Omnimed\pidc2022\desenvolvimento\comum\Sprint-int01\system\Database\MySQLi\Connection.php(292): mysqli->query('SELECT u.USC_NO...', 0)
#1 D:\Omnimed\pidc2022\desenvolvimento\comum\Sprint-int01\system\Database\BaseConnection.php(693): CodeIgniter\Database\MySQLi\Connection->execute('SELECT u.USC_NO...')
#2 D:\Omnimed\pidc2022\desenvolvimento\comum\Sprint-int01\system\Database\BaseConnection.php(620): CodeIgniter\Database\BaseConnection->simpleQuery('SELECT u.USC_NO...')
#3 D:\Omnimed\pidc2022\desenvolvimento\comum\Sprint-int01\app\Views\exames\list.php(125): CodeIgniter\Database\BaseConnection->query('SELECT u.USC_NO...')
#4 D:\Omnimed\pidc2022\desenvolvimento\comum\Sprint-int01\system\View\View.php(213): include('D:\\Omnimed\\pidc...')
#5 D:\Omnimed\pidc2022\desenvolvimento\comum\Sprint-int01\system\View\View.php(216): CodeIgniter\View\View->CodeIgniter\View\{closure}()
#6 D:\Omnimed\pidc2022\desenvolvimento\comum\Sprint-int01\system\Common.php(1137): CodeIgniter\View\View->render('/exames/list.ph...', Array, true)
#7 D:\Omnimed\pidc2022\desenvolvimento\comum\Sprint-int01\app\Controllers\ExamesController.php(15): view('/exames/list.ph...')
#8 D:\Omnimed\pidc2022\desenvolvimento\comum\Sprint-int01\system\CodeIgniter.php(898): App\Controllers\ExamesController->listagem()
#9 D:\Omnimed\pidc2022\desenvolvimento\comum\Sprint-int01\system\CodeIgniter.php(457): CodeIgniter\CodeIgniter->runController(Object(App\Controllers\ExamesController))
#10 D:\Omnimed\pidc2022\desenvolvimento\comum\Sprint-int01\system\CodeIgniter.php(340): CodeIgniter\CodeIgniter->handleRequest(NULL, Object(Config\Cache), false)
#11 D:\Omnimed\pidc2022\desenvolvimento\comum\Sprint-int01\public\index.php(67): CodeIgniter\CodeIgniter->run()
#12 D:\Omnimed\pidc2022\desenvolvimento\comum\Sprint-int01\system\Commands\Server\rewrite.php(43): require_once('D:\\Omnimed\\pidc...')
#13 {main}
CRITICAL - 2022-10-02 10:13:39 --> Unknown column 'e.FK_MED_ID' in 'where clause'
in SYSTEMPATH\Database\MySQLi\Connection.php on line 292.
 1 SYSTEMPATH\Database\MySQLi\Connection.php(292): mysqli->query('SELECT u.USC_NOME FROM exames as e, medicos as m, funcionarios as f, usuario_comum as u WHERE e.FK_MED_ID = 1 AND e.FK_MEDICOS_MED_ID = m.MED_ID AND m.FK_FUNCIONARIOS_FUN_ID = f.FUN_ID AND f.FK_USUARIO_COMUM_USC_ID = u.USC_ID;', 0)
 2 SYSTEMPATH\Database\BaseConnection.php(693): CodeIgniter\Database\MySQLi\Connection->execute('SELECT u.USC_NOME FROM exames as e, medicos as m, funcionarios as f, usuario_comum as u WHERE e.FK_MED_ID = 1 AND e.FK_MEDICOS_MED_ID = m.MED_ID AND m.FK_FUNCIONARIOS_FUN_ID = f.FUN_ID AND f.FK_USUARIO_COMUM_USC_ID = u.USC_ID;')
 3 SYSTEMPATH\Database\BaseConnection.php(620): CodeIgniter\Database\BaseConnection->simpleQuery('SELECT u.USC_NOME FROM exames as e, medicos as m, funcionarios as f, usuario_comum as u WHERE e.FK_MED_ID = 1 AND e.FK_MEDICOS_MED_ID = m.MED_ID AND m.FK_FUNCIONARIOS_FUN_ID = f.FUN_ID AND f.FK_USUARIO_COMUM_USC_ID = u.USC_ID;')
 4 APPPATH\Views\exames\list.php(125): CodeIgniter\Database\BaseConnection->query('SELECT u.USC_NOME FROM exames as e, medicos as m, funcionarios as f, usuario_comum as u WHERE e.FK_MED_ID = 1 AND e.FK_MEDICOS_MED_ID = m.MED_ID AND m.FK_FUNCIONARIOS_FUN_ID = f.FUN_ID AND f.FK_USUARIO_COMUM_USC_ID = u.USC_ID;')
 5 SYSTEMPATH\View\View.php(213): include('APPPATH\\Views\\exames\\list.php')
 6 SYSTEMPATH\View\View.php(216): CodeIgniter\View\View->CodeIgniter\View\{closure}()
 7 SYSTEMPATH\Common.php(1137): CodeIgniter\View\View->render('/exames/list.php', [], true)
 8 APPPATH\Controllers\ExamesController.php(15): view('/exames/list.php')
 9 SYSTEMPATH\CodeIgniter.php(898): App\Controllers\ExamesController->listagem()
10 SYSTEMPATH\CodeIgniter.php(457): CodeIgniter\CodeIgniter->runController(Object(App\Controllers\ExamesController))
11 SYSTEMPATH\CodeIgniter.php(340): CodeIgniter\CodeIgniter->handleRequest(null, Object(Config\Cache), false)
12 FCPATH\index.php(67): CodeIgniter\CodeIgniter->run()
13 SYSTEMPATH\Commands\Server\rewrite.php(43): require_once('FCPATH\\index.php')
ERROR - 2022-10-02 10:13:41 --> mysqli_sql_exception: Unknown column 'e.FK_MED_ID' in 'where clause' in D:\Omnimed\pidc2022\desenvolvimento\comum\Sprint-int01\system\Database\MySQLi\Connection.php:292
Stack trace:
#0 D:\Omnimed\pidc2022\desenvolvimento\comum\Sprint-int01\system\Database\MySQLi\Connection.php(292): mysqli->query('SELECT u.USC_NO...', 0)
#1 D:\Omnimed\pidc2022\desenvolvimento\comum\Sprint-int01\system\Database\BaseConnection.php(693): CodeIgniter\Database\MySQLi\Connection->execute('SELECT u.USC_NO...')
#2 D:\Omnimed\pidc2022\desenvolvimento\comum\Sprint-int01\system\Database\BaseConnection.php(620): CodeIgniter\Database\BaseConnection->simpleQuery('SELECT u.USC_NO...')
#3 D:\Omnimed\pidc2022\desenvolvimento\comum\Sprint-int01\app\Views\exames\list.php(125): CodeIgniter\Database\BaseConnection->query('SELECT u.USC_NO...')
#4 D:\Omnimed\pidc2022\desenvolvimento\comum\Sprint-int01\system\View\View.php(213): include('D:\\Omnimed\\pidc...')
#5 D:\Omnimed\pidc2022\desenvolvimento\comum\Sprint-int01\system\View\View.php(216): CodeIgniter\View\View->CodeIgniter\View\{closure}()
#6 D:\Omnimed\pidc2022\desenvolvimento\comum\Sprint-int01\system\Common.php(1137): CodeIgniter\View\View->render('/exames/list.ph...', Array, true)
#7 D:\Omnimed\pidc2022\desenvolvimento\comum\Sprint-int01\app\Controllers\ExamesController.php(15): view('/exames/list.ph...')
#8 D:\Omnimed\pidc2022\desenvolvimento\comum\Sprint-int01\system\CodeIgniter.php(898): App\Controllers\ExamesController->listagem()
#9 D:\Omnimed\pidc2022\desenvolvimento\comum\Sprint-int01\system\CodeIgniter.php(457): CodeIgniter\CodeIgniter->runController(Object(App\Controllers\ExamesController))
#10 D:\Omnimed\pidc2022\desenvolvimento\comum\Sprint-int01\system\CodeIgniter.php(340): CodeIgniter\CodeIgniter->handleRequest(NULL, Object(Config\Cache), false)
#11 D:\Omnimed\pidc2022\desenvolvimento\comum\Sprint-int01\public\index.php(67): CodeIgniter\CodeIgniter->run()
#12 D:\Omnimed\pidc2022\desenvolvimento\comum\Sprint-int01\system\Commands\Server\rewrite.php(43): require_once('D:\\Omnimed\\pidc...')
#13 {main}
CRITICAL - 2022-10-02 10:13:41 --> Unknown column 'e.FK_MED_ID' in 'where clause'
in SYSTEMPATH\Database\MySQLi\Connection.php on line 292.
 1 SYSTEMPATH\Database\MySQLi\Connection.php(292): mysqli->query('SELECT u.USC_NOME FROM exames as e, medicos as m, funcionarios as f, usuario_comum as u WHERE e.FK_MED_ID = 1 AND e.FK_MEDICOS_MED_ID = m.MED_ID AND m.FK_FUNCIONARIOS_FUN_ID = f.FUN_ID AND f.FK_USUARIO_COMUM_USC_ID = u.USC_ID;', 0)
 2 SYSTEMPATH\Database\BaseConnection.php(693): CodeIgniter\Database\MySQLi\Connection->execute('SELECT u.USC_NOME FROM exames as e, medicos as m, funcionarios as f, usuario_comum as u WHERE e.FK_MED_ID = 1 AND e.FK_MEDICOS_MED_ID = m.MED_ID AND m.FK_FUNCIONARIOS_FUN_ID = f.FUN_ID AND f.FK_USUARIO_COMUM_USC_ID = u.USC_ID;')
 3 SYSTEMPATH\Database\BaseConnection.php(620): CodeIgniter\Database\BaseConnection->simpleQuery('SELECT u.USC_NOME FROM exames as e, medicos as m, funcionarios as f, usuario_comum as u WHERE e.FK_MED_ID = 1 AND e.FK_MEDICOS_MED_ID = m.MED_ID AND m.FK_FUNCIONARIOS_FUN_ID = f.FUN_ID AND f.FK_USUARIO_COMUM_USC_ID = u.USC_ID;')
 4 APPPATH\Views\exames\list.php(125): CodeIgniter\Database\BaseConnection->query('SELECT u.USC_NOME FROM exames as e, medicos as m, funcionarios as f, usuario_comum as u WHERE e.FK_MED_ID = 1 AND e.FK_MEDICOS_MED_ID = m.MED_ID AND m.FK_FUNCIONARIOS_FUN_ID = f.FUN_ID AND f.FK_USUARIO_COMUM_USC_ID = u.USC_ID;')
 5 SYSTEMPATH\View\View.php(213): include('APPPATH\\Views\\exames\\list.php')
 6 SYSTEMPATH\View\View.php(216): CodeIgniter\View\View->CodeIgniter\View\{closure}()
 7 SYSTEMPATH\Common.php(1137): CodeIgniter\View\View->render('/exames/list.php', [], true)
 8 APPPATH\Controllers\ExamesController.php(15): view('/exames/list.php')
 9 SYSTEMPATH\CodeIgniter.php(898): App\Controllers\ExamesController->listagem()
10 SYSTEMPATH\CodeIgniter.php(457): CodeIgniter\CodeIgniter->runController(Object(App\Controllers\ExamesController))
11 SYSTEMPATH\CodeIgniter.php(340): CodeIgniter\CodeIgniter->handleRequest(null, Object(Config\Cache), false)
12 FCPATH\index.php(67): CodeIgniter\CodeIgniter->run()
13 SYSTEMPATH\Commands\Server\rewrite.php(43): require_once('FCPATH\\index.php')
ERROR - 2022-10-02 10:13:42 --> mysqli_sql_exception: Unknown column 'e.FK_MED_ID' in 'where clause' in D:\Omnimed\pidc2022\desenvolvimento\comum\Sprint-int01\system\Database\MySQLi\Connection.php:292
Stack trace:
#0 D:\Omnimed\pidc2022\desenvolvimento\comum\Sprint-int01\system\Database\MySQLi\Connection.php(292): mysqli->query('SELECT u.USC_NO...', 0)
#1 D:\Omnimed\pidc2022\desenvolvimento\comum\Sprint-int01\system\Database\BaseConnection.php(693): CodeIgniter\Database\MySQLi\Connection->execute('SELECT u.USC_NO...')
#2 D:\Omnimed\pidc2022\desenvolvimento\comum\Sprint-int01\system\Database\BaseConnection.php(620): CodeIgniter\Database\BaseConnection->simpleQuery('SELECT u.USC_NO...')
#3 D:\Omnimed\pidc2022\desenvolvimento\comum\Sprint-int01\app\Views\exames\list.php(125): CodeIgniter\Database\BaseConnection->query('SELECT u.USC_NO...')
#4 D:\Omnimed\pidc2022\desenvolvimento\comum\Sprint-int01\system\View\View.php(213): include('D:\\Omnimed\\pidc...')
#5 D:\Omnimed\pidc2022\desenvolvimento\comum\Sprint-int01\system\View\View.php(216): CodeIgniter\View\View->CodeIgniter\View\{closure}()
#6 D:\Omnimed\pidc2022\desenvolvimento\comum\Sprint-int01\system\Common.php(1137): CodeIgniter\View\View->render('/exames/list.ph...', Array, true)
#7 D:\Omnimed\pidc2022\desenvolvimento\comum\Sprint-int01\app\Controllers\ExamesController.php(15): view('/exames/list.ph...')
#8 D:\Omnimed\pidc2022\desenvolvimento\comum\Sprint-int01\system\CodeIgniter.php(898): App\Controllers\ExamesController->listagem()
#9 D:\Omnimed\pidc2022\desenvolvimento\comum\Sprint-int01\system\CodeIgniter.php(457): CodeIgniter\CodeIgniter->runController(Object(App\Controllers\ExamesController))
#10 D:\Omnimed\pidc2022\desenvolvimento\comum\Sprint-int01\system\CodeIgniter.php(340): CodeIgniter\CodeIgniter->handleRequest(NULL, Object(Config\Cache), false)
#11 D:\Omnimed\pidc2022\desenvolvimento\comum\Sprint-int01\public\index.php(67): CodeIgniter\CodeIgniter->run()
#12 D:\Omnimed\pidc2022\desenvolvimento\comum\Sprint-int01\system\Commands\Server\rewrite.php(43): require_once('D:\\Omnimed\\pidc...')
#13 {main}
CRITICAL - 2022-10-02 10:13:42 --> Unknown column 'e.FK_MED_ID' in 'where clause'
in SYSTEMPATH\Database\MySQLi\Connection.php on line 292.
 1 SYSTEMPATH\Database\MySQLi\Connection.php(292): mysqli->query('SELECT u.USC_NOME FROM exames as e, medicos as m, funcionarios as f, usuario_comum as u WHERE e.FK_MED_ID = 1 AND e.FK_MEDICOS_MED_ID = m.MED_ID AND m.FK_FUNCIONARIOS_FUN_ID = f.FUN_ID AND f.FK_USUARIO_COMUM_USC_ID = u.USC_ID;', 0)
 2 SYSTEMPATH\Database\BaseConnection.php(693): CodeIgniter\Database\MySQLi\Connection->execute('SELECT u.USC_NOME FROM exames as e, medicos as m, funcionarios as f, usuario_comum as u WHERE e.FK_MED_ID = 1 AND e.FK_MEDICOS_MED_ID = m.MED_ID AND m.FK_FUNCIONARIOS_FUN_ID = f.FUN_ID AND f.FK_USUARIO_COMUM_USC_ID = u.USC_ID;')
 3 SYSTEMPATH\Database\BaseConnection.php(620): CodeIgniter\Database\BaseConnection->simpleQuery('SELECT u.USC_NOME FROM exames as e, medicos as m, funcionarios as f, usuario_comum as u WHERE e.FK_MED_ID = 1 AND e.FK_MEDICOS_MED_ID = m.MED_ID AND m.FK_FUNCIONARIOS_FUN_ID = f.FUN_ID AND f.FK_USUARIO_COMUM_USC_ID = u.USC_ID;')
 4 APPPATH\Views\exames\list.php(125): CodeIgniter\Database\BaseConnection->query('SELECT u.USC_NOME FROM exames as e, medicos as m, funcionarios as f, usuario_comum as u WHERE e.FK_MED_ID = 1 AND e.FK_MEDICOS_MED_ID = m.MED_ID AND m.FK_FUNCIONARIOS_FUN_ID = f.FUN_ID AND f.FK_USUARIO_COMUM_USC_ID = u.USC_ID;')
 5 SYSTEMPATH\View\View.php(213): include('APPPATH\\Views\\exames\\list.php')
 6 SYSTEMPATH\View\View.php(216): CodeIgniter\View\View->CodeIgniter\View\{closure}()
 7 SYSTEMPATH\Common.php(1137): CodeIgniter\View\View->render('/exames/list.php', [], true)
 8 APPPATH\Controllers\ExamesController.php(15): view('/exames/list.php')
 9 SYSTEMPATH\CodeIgniter.php(898): App\Controllers\ExamesController->listagem()
10 SYSTEMPATH\CodeIgniter.php(457): CodeIgniter\CodeIgniter->runController(Object(App\Controllers\ExamesController))
11 SYSTEMPATH\CodeIgniter.php(340): CodeIgniter\CodeIgniter->handleRequest(null, Object(Config\Cache), false)
12 FCPATH\index.php(67): CodeIgniter\CodeIgniter->run()
13 SYSTEMPATH\Commands\Server\rewrite.php(43): require_once('FCPATH\\index.php')
ERROR - 2022-10-02 10:13:45 --> mysqli_sql_exception: Unknown column 'e.FK_MEDICOSS_MED_ID' in 'where clause' in D:\Omnimed\pidc2022\desenvolvimento\comum\Sprint-int01\system\Database\MySQLi\Connection.php:292
Stack trace:
#0 D:\Omnimed\pidc2022\desenvolvimento\comum\Sprint-int01\system\Database\MySQLi\Connection.php(292): mysqli->query('SELECT u.USC_NO...', 0)
#1 D:\Omnimed\pidc2022\desenvolvimento\comum\Sprint-int01\system\Database\BaseConnection.php(693): CodeIgniter\Database\MySQLi\Connection->execute('SELECT u.USC_NO...')
#2 D:\Omnimed\pidc2022\desenvolvimento\comum\Sprint-int01\system\Database\BaseConnection.php(620): CodeIgniter\Database\BaseConnection->simpleQuery('SELECT u.USC_NO...')
#3 D:\Omnimed\pidc2022\desenvolvimento\comum\Sprint-int01\app\Views\exames\list.php(125): CodeIgniter\Database\BaseConnection->query('SELECT u.USC_NO...')
#4 D:\Omnimed\pidc2022\desenvolvimento\comum\Sprint-int01\system\View\View.php(213): include('D:\\Omnimed\\pidc...')
#5 D:\Omnimed\pidc2022\desenvolvimento\comum\Sprint-int01\system\View\View.php(216): CodeIgniter\View\View->CodeIgniter\View\{closure}()
#6 D:\Omnimed\pidc2022\desenvolvimento\comum\Sprint-int01\system\Common.php(1137): CodeIgniter\View\View->render('/exames/list.ph...', Array, true)
#7 D:\Omnimed\pidc2022\desenvolvimento\comum\Sprint-int01\app\Controllers\ExamesController.php(15): view('/exames/list.ph...')
#8 D:\Omnimed\pidc2022\desenvolvimento\comum\Sprint-int01\system\CodeIgniter.php(898): App\Controllers\ExamesController->listagem()
#9 D:\Omnimed\pidc2022\desenvolvimento\comum\Sprint-int01\system\CodeIgniter.php(457): CodeIgniter\CodeIgniter->runController(Object(App\Controllers\ExamesController))
#10 D:\Omnimed\pidc2022\desenvolvimento\comum\Sprint-int01\system\CodeIgniter.php(340): CodeIgniter\CodeIgniter->handleRequest(NULL, Object(Config\Cache), false)
#11 D:\Omnimed\pidc2022\desenvolvimento\comum\Sprint-int01\public\index.php(67): CodeIgniter\CodeIgniter->run()
#12 D:\Omnimed\pidc2022\desenvolvimento\comum\Sprint-int01\system\Commands\Server\rewrite.php(43): require_once('D:\\Omnimed\\pidc...')
#13 {main}
CRITICAL - 2022-10-02 10:13:45 --> Unknown column 'e.FK_MEDICOSS_MED_ID' in 'where clause'
in SYSTEMPATH\Database\MySQLi\Connection.php on line 292.
 1 SYSTEMPATH\Database\MySQLi\Connection.php(292): mysqli->query('SELECT u.USC_NOME FROM exames as e, medicos as m, funcionarios as f, usuario_comum as u WHERE e.FK_MEDICOSS_MED_ID = 1 AND e.FK_MEDICOS_MED_ID = m.MED_ID AND m.FK_FUNCIONARIOS_FUN_ID = f.FUN_ID AND f.FK_USUARIO_COMUM_USC_ID = u.USC_ID;', 0)
 2 SYSTEMPATH\Database\BaseConnection.php(693): CodeIgniter\Database\MySQLi\Connection->execute('SELECT u.USC_NOME FROM exames as e, medicos as m, funcionarios as f, usuario_comum as u WHERE e.FK_MEDICOSS_MED_ID = 1 AND e.FK_MEDICOS_MED_ID = m.MED_ID AND m.FK_FUNCIONARIOS_FUN_ID = f.FUN_ID AND f.FK_USUARIO_COMUM_USC_ID = u.USC_ID;')
 3 SYSTEMPATH\Database\BaseConnection.php(620): CodeIgniter\Database\BaseConnection->simpleQuery('SELECT u.USC_NOME FROM exames as e, medicos as m, funcionarios as f, usuario_comum as u WHERE e.FK_MEDICOSS_MED_ID = 1 AND e.FK_MEDICOS_MED_ID = m.MED_ID AND m.FK_FUNCIONARIOS_FUN_ID = f.FUN_ID AND f.FK_USUARIO_COMUM_USC_ID = u.USC_ID;')
 4 APPPATH\Views\exames\list.php(125): CodeIgniter\Database\BaseConnection->query('SELECT u.USC_NOME FROM exames as e, medicos as m, funcionarios as f, usuario_comum as u WHERE e.FK_MEDICOSS_MED_ID = 1 AND e.FK_MEDICOS_MED_ID = m.MED_ID AND m.FK_FUNCIONARIOS_FUN_ID = f.FUN_ID AND f.FK_USUARIO_COMUM_USC_ID = u.USC_ID;')
 5 SYSTEMPATH\View\View.php(213): include('APPPATH\\Views\\exames\\list.php')
 6 SYSTEMPATH\View\View.php(216): CodeIgniter\View\View->CodeIgniter\View\{closure}()
 7 SYSTEMPATH\Common.php(1137): CodeIgniter\View\View->render('/exames/list.php', [], true)
 8 APPPATH\Controllers\ExamesController.php(15): view('/exames/list.php')
 9 SYSTEMPATH\CodeIgniter.php(898): App\Controllers\ExamesController->listagem()
10 SYSTEMPATH\CodeIgniter.php(457): CodeIgniter\CodeIgniter->runController(Object(App\Controllers\ExamesController))
11 SYSTEMPATH\CodeIgniter.php(340): CodeIgniter\CodeIgniter->handleRequest(null, Object(Config\Cache), false)
12 FCPATH\index.php(67): CodeIgniter\CodeIgniter->run()
13 SYSTEMPATH\Commands\Server\rewrite.php(43): require_once('FCPATH\\index.php')
ERROR - 2022-10-02 10:13:46 --> mysqli_sql_exception: Unknown column 'e.FK_MEDICOSS_MED_ID' in 'where clause' in D:\Omnimed\pidc2022\desenvolvimento\comum\Sprint-int01\system\Database\MySQLi\Connection.php:292
Stack trace:
#0 D:\Omnimed\pidc2022\desenvolvimento\comum\Sprint-int01\system\Database\MySQLi\Connection.php(292): mysqli->query('SELECT u.USC_NO...', 0)
#1 D:\Omnimed\pidc2022\desenvolvimento\comum\Sprint-int01\system\Database\BaseConnection.php(693): CodeIgniter\Database\MySQLi\Connection->execute('SELECT u.USC_NO...')
#2 D:\Omnimed\pidc2022\desenvolvimento\comum\Sprint-int01\system\Database\BaseConnection.php(620): CodeIgniter\Database\BaseConnection->simpleQuery('SELECT u.USC_NO...')
#3 D:\Omnimed\pidc2022\desenvolvimento\comum\Sprint-int01\app\Views\exames\list.php(125): CodeIgniter\Database\BaseConnection->query('SELECT u.USC_NO...')
#4 D:\Omnimed\pidc2022\desenvolvimento\comum\Sprint-int01\system\View\View.php(213): include('D:\\Omnimed\\pidc...')
#5 D:\Omnimed\pidc2022\desenvolvimento\comum\Sprint-int01\system\View\View.php(216): CodeIgniter\View\View->CodeIgniter\View\{closure}()
#6 D:\Omnimed\pidc2022\desenvolvimento\comum\Sprint-int01\system\Common.php(1137): CodeIgniter\View\View->render('/exames/list.ph...', Array, true)
#7 D:\Omnimed\pidc2022\desenvolvimento\comum\Sprint-int01\app\Controllers\ExamesController.php(15): view('/exames/list.ph...')
#8 D:\Omnimed\pidc2022\desenvolvimento\comum\Sprint-int01\system\CodeIgniter.php(898): App\Controllers\ExamesController->listagem()
#9 D:\Omnimed\pidc2022\desenvolvimento\comum\Sprint-int01\system\CodeIgniter.php(457): CodeIgniter\CodeIgniter->runController(Object(App\Controllers\ExamesController))
#10 D:\Omnimed\pidc2022\desenvolvimento\comum\Sprint-int01\system\CodeIgniter.php(340): CodeIgniter\CodeIgniter->handleRequest(NULL, Object(Config\Cache), false)
#11 D:\Omnimed\pidc2022\desenvolvimento\comum\Sprint-int01\public\index.php(67): CodeIgniter\CodeIgniter->run()
#12 D:\Omnimed\pidc2022\desenvolvimento\comum\Sprint-int01\system\Commands\Server\rewrite.php(43): require_once('D:\\Omnimed\\pidc...')
#13 {main}
CRITICAL - 2022-10-02 10:13:46 --> Unknown column 'e.FK_MEDICOSS_MED_ID' in 'where clause'
in SYSTEMPATH\Database\MySQLi\Connection.php on line 292.
 1 SYSTEMPATH\Database\MySQLi\Connection.php(292): mysqli->query('SELECT u.USC_NOME FROM exames as e, medicos as m, funcionarios as f, usuario_comum as u WHERE e.FK_MEDICOSS_MED_ID = 1 AND e.FK_MEDICOS_MED_ID = m.MED_ID AND m.FK_FUNCIONARIOS_FUN_ID = f.FUN_ID AND f.FK_USUARIO_COMUM_USC_ID = u.USC_ID;', 0)
 2 SYSTEMPATH\Database\BaseConnection.php(693): CodeIgniter\Database\MySQLi\Connection->execute('SELECT u.USC_NOME FROM exames as e, medicos as m, funcionarios as f, usuario_comum as u WHERE e.FK_MEDICOSS_MED_ID = 1 AND e.FK_MEDICOS_MED_ID = m.MED_ID AND m.FK_FUNCIONARIOS_FUN_ID = f.FUN_ID AND f.FK_USUARIO_COMUM_USC_ID = u.USC_ID;')
 3 SYSTEMPATH\Database\BaseConnection.php(620): CodeIgniter\Database\BaseConnection->simpleQuery('SELECT u.USC_NOME FROM exames as e, medicos as m, funcionarios as f, usuario_comum as u WHERE e.FK_MEDICOSS_MED_ID = 1 AND e.FK_MEDICOS_MED_ID = m.MED_ID AND m.FK_FUNCIONARIOS_FUN_ID = f.FUN_ID AND f.FK_USUARIO_COMUM_USC_ID = u.USC_ID;')
 4 APPPATH\Views\exames\list.php(125): CodeIgniter\Database\BaseConnection->query('SELECT u.USC_NOME FROM exames as e, medicos as m, funcionarios as f, usuario_comum as u WHERE e.FK_MEDICOSS_MED_ID = 1 AND e.FK_MEDICOS_MED_ID = m.MED_ID AND m.FK_FUNCIONARIOS_FUN_ID = f.FUN_ID AND f.FK_USUARIO_COMUM_USC_ID = u.USC_ID;')
 5 SYSTEMPATH\View\View.php(213): include('APPPATH\\Views\\exames\\list.php')
 6 SYSTEMPATH\View\View.php(216): CodeIgniter\View\View->CodeIgniter\View\{closure}()
 7 SYSTEMPATH\Common.php(1137): CodeIgniter\View\View->render('/exames/list.php', [], true)
 8 APPPATH\Controllers\ExamesController.php(15): view('/exames/list.php')
 9 SYSTEMPATH\CodeIgniter.php(898): App\Controllers\ExamesController->listagem()
10 SYSTEMPATH\CodeIgniter.php(457): CodeIgniter\CodeIgniter->runController(Object(App\Controllers\ExamesController))
11 SYSTEMPATH\CodeIgniter.php(340): CodeIgniter\CodeIgniter->handleRequest(null, Object(Config\Cache), false)
12 FCPATH\index.php(67): CodeIgniter\CodeIgniter->run()
13 SYSTEMPATH\Commands\Server\rewrite.php(43): require_once('FCPATH\\index.php')
CRITICAL - 2022-10-02 10:16:55 --> Undefined variable $medicoID
in APPPATH\Views\exames\create.php on line 136.
 1 APPPATH\Views\exames\create.php(136): CodeIgniter\Debug\Exceptions->errorHandler(2, 'Undefined variable $medicoID', 'APPPATH\\Views\\exames\\create.php', 136)
 2 SYSTEMPATH\View\View.php(213): include('APPPATH\\Views\\exames\\create.php')
 3 SYSTEMPATH\View\View.php(216): CodeIgniter\View\View->CodeIgniter\View\{closure}()
 4 SYSTEMPATH\Common.php(1137): CodeIgniter\View\View->render('/exames/create.php', [], true)
 5 APPPATH\Controllers\ExamesController.php(11): view('/exames/create.php')
 6 SYSTEMPATH\CodeIgniter.php(898): App\Controllers\ExamesController->novo()
 7 SYSTEMPATH\CodeIgniter.php(457): CodeIgniter\CodeIgniter->runController(Object(App\Controllers\ExamesController))
 8 SYSTEMPATH\CodeIgniter.php(340): CodeIgniter\CodeIgniter->handleRequest(null, Object(Config\Cache), false)
 9 FCPATH\index.php(67): CodeIgniter\CodeIgniter->run()
10 SYSTEMPATH\Commands\Server\rewrite.php(43): require_once('FCPATH\\index.php')
CRITICAL - 2022-10-02 10:17:06 --> Undefined variable $medicoID
in APPPATH\Views\exames\create.php on line 136.
 1 APPPATH\Views\exames\create.php(136): CodeIgniter\Debug\Exceptions->errorHandler(2, 'Undefined variable $medicoID', 'APPPATH\\Views\\exames\\create.php', 136)
 2 SYSTEMPATH\View\View.php(213): include('APPPATH\\Views\\exames\\create.php')
 3 SYSTEMPATH\View\View.php(216): CodeIgniter\View\View->CodeIgniter\View\{closure}()
 4 SYSTEMPATH\Common.php(1137): CodeIgniter\View\View->render('/exames/create.php', [], true)
 5 APPPATH\Controllers\ExamesController.php(11): view('/exames/create.php')
 6 SYSTEMPATH\CodeIgniter.php(898): App\Controllers\ExamesController->novo()
 7 SYSTEMPATH\CodeIgniter.php(457): CodeIgniter\CodeIgniter->runController(Object(App\Controllers\ExamesController))
 8 SYSTEMPATH\CodeIgniter.php(340): CodeIgniter\CodeIgniter->handleRequest(null, Object(Config\Cache), false)
 9 FCPATH\index.php(67): CodeIgniter\CodeIgniter->run()
10 SYSTEMPATH\Commands\Server\rewrite.php(43): require_once('FCPATH\\index.php')
CRITICAL - 2022-10-02 10:17:20 -->  is not a valid rule.
in SYSTEMPATH\Validation\Validation.php on line 316.
 1 SYSTEMPATH\Validation\Validation.php(316): CodeIgniter\Validation\Exceptions\ValidationException::forRuleNotFound('ROOTPATH\\public')
 2 SYSTEMPATH\Validation\Validation.php(175): CodeIgniter\Validation\Validation->processRules('EXM_AUTORIZADO', 'EXM_AUTORIZADO', null, [...], [...])
 3 SYSTEMPATH\BaseModel.php(1350): CodeIgniter\Validation\Validation->run([...], null, null)
 4 SYSTEMPATH\BaseModel.php(707): CodeIgniter\BaseModel->validate([...])
 5 SYSTEMPATH\Model.php(666): CodeIgniter\BaseModel->insert([...], false)
 6 SYSTEMPATH\BaseModel.php(658): CodeIgniter\Model->insert(Object(App\Entities\Exames), false)
 7 APPPATH\Controllers\ExamesController.php(25): CodeIgniter\BaseModel->save(Object(App\Entities\Exames))
 8 SYSTEMPATH\CodeIgniter.php(898): App\Controllers\ExamesController->salvar()
 9 SYSTEMPATH\CodeIgniter.php(457): CodeIgniter\CodeIgniter->runController(Object(App\Controllers\ExamesController))
10 SYSTEMPATH\CodeIgniter.php(340): CodeIgniter\CodeIgniter->handleRequest(null, Object(Config\Cache), false)
11 FCPATH\index.php(67): CodeIgniter\CodeIgniter->run()
12 SYSTEMPATH\Commands\Server\rewrite.php(43): require_once('FCPATH\\index.php')
CRITICAL - 2022-10-02 10:17:35 -->  is not a valid rule.
in SYSTEMPATH\Validation\Validation.php on line 316.
 1 SYSTEMPATH\Validation\Validation.php(316): CodeIgniter\Validation\Exceptions\ValidationException::forRuleNotFound('ROOTPATH\\public')
 2 SYSTEMPATH\Validation\Validation.php(175): CodeIgniter\Validation\Validation->processRules('EXM_AUTORIZADO', 'EXM_AUTORIZADO', null, [...], [...])
 3 SYSTEMPATH\BaseModel.php(1350): CodeIgniter\Validation\Validation->run([...], null, null)
 4 SYSTEMPATH\BaseModel.php(707): CodeIgniter\BaseModel->validate([...])
 5 SYSTEMPATH\Model.php(666): CodeIgniter\BaseModel->insert([...], false)
 6 SYSTEMPATH\BaseModel.php(658): CodeIgniter\Model->insert(Object(App\Entities\Exames), false)
 7 APPPATH\Controllers\ExamesController.php(25): CodeIgniter\BaseModel->save(Object(App\Entities\Exames))
 8 SYSTEMPATH\CodeIgniter.php(898): App\Controllers\ExamesController->salvar()
 9 SYSTEMPATH\CodeIgniter.php(457): CodeIgniter\CodeIgniter->runController(Object(App\Controllers\ExamesController))
10 SYSTEMPATH\CodeIgniter.php(340): CodeIgniter\CodeIgniter->handleRequest(null, Object(Config\Cache), false)
11 FCPATH\index.php(67): CodeIgniter\CodeIgniter->run()
12 SYSTEMPATH\Commands\Server\rewrite.php(43): require_once('FCPATH\\index.php')
CRITICAL - 2022-10-02 10:17:42 -->  is not a valid rule.
in SYSTEMPATH\Validation\Validation.php on line 316.
 1 SYSTEMPATH\Validation\Validation.php(316): CodeIgniter\Validation\Exceptions\ValidationException::forRuleNotFound('ROOTPATH\\public')
 2 SYSTEMPATH\Validation\Validation.php(175): CodeIgniter\Validation\Validation->processRules('EXM_AUTORIZADO', 'EXM_AUTORIZADO', null, [...], [...])
 3 SYSTEMPATH\BaseModel.php(1350): CodeIgniter\Validation\Validation->run([...], null, null)
 4 SYSTEMPATH\BaseModel.php(707): CodeIgniter\BaseModel->validate([...])
 5 SYSTEMPATH\Model.php(666): CodeIgniter\BaseModel->insert([...], false)
 6 SYSTEMPATH\BaseModel.php(658): CodeIgniter\Model->insert(Object(App\Entities\Exames), false)
 7 APPPATH\Controllers\ExamesController.php(25): CodeIgniter\BaseModel->save(Object(App\Entities\Exames))
 8 SYSTEMPATH\CodeIgniter.php(898): App\Controllers\ExamesController->salvar()
 9 SYSTEMPATH\CodeIgniter.php(457): CodeIgniter\CodeIgniter->runController(Object(App\Controllers\ExamesController))
10 SYSTEMPATH\CodeIgniter.php(340): CodeIgniter\CodeIgniter->handleRequest(null, Object(Config\Cache), false)
11 FCPATH\index.php(67): CodeIgniter\CodeIgniter->run()
12 SYSTEMPATH\Commands\Server\rewrite.php(43): require_once('FCPATH\\index.php')
CRITICAL - 2022-10-02 10:26:02 -->  is not a valid rule.
in SYSTEMPATH\Validation\Validation.php on line 316.
 1 SYSTEMPATH\Validation\Validation.php(316): CodeIgniter\Validation\Exceptions\ValidationException::forRuleNotFound('ROOTPATH\\public')
 2 SYSTEMPATH\Validation\Validation.php(175): CodeIgniter\Validation\Validation->processRules('EXM_AUTORIZADO', 'EXM_AUTORIZADO', null, [...], [...])
 3 SYSTEMPATH\BaseModel.php(1350): CodeIgniter\Validation\Validation->run([...], null, null)
 4 SYSTEMPATH\BaseModel.php(707): CodeIgniter\BaseModel->validate([...])
 5 SYSTEMPATH\Model.php(666): CodeIgniter\BaseModel->insert([...], false)
 6 SYSTEMPATH\BaseModel.php(658): CodeIgniter\Model->insert(Object(App\Entities\Exames), false)
 7 APPPATH\Controllers\ExamesController.php(25): CodeIgniter\BaseModel->save(Object(App\Entities\Exames))
 8 SYSTEMPATH\CodeIgniter.php(898): App\Controllers\ExamesController->salvar()
 9 SYSTEMPATH\CodeIgniter.php(457): CodeIgniter\CodeIgniter->runController(Object(App\Controllers\ExamesController))
10 SYSTEMPATH\CodeIgniter.php(340): CodeIgniter\CodeIgniter->handleRequest(null, Object(Config\Cache), false)
11 FCPATH\index.php(67): CodeIgniter\CodeIgniter->run()
12 SYSTEMPATH\Commands\Server\rewrite.php(43): require_once('FCPATH\\index.php')
CRITICAL - 2022-10-02 10:26:11 -->  is not a valid rule.
in SYSTEMPATH\Validation\Validation.php on line 316.
 1 SYSTEMPATH\Validation\Validation.php(316): CodeIgniter\Validation\Exceptions\ValidationException::forRuleNotFound('ROOTPATH\\public')
 2 SYSTEMPATH\Validation\Validation.php(175): CodeIgniter\Validation\Validation->processRules('EXM_AUTORIZADO', 'EXM_AUTORIZADO', null, [...], [...])
 3 SYSTEMPATH\BaseModel.php(1350): CodeIgniter\Validation\Validation->run([...], null, null)
 4 SYSTEMPATH\BaseModel.php(707): CodeIgniter\BaseModel->validate([...])
 5 SYSTEMPATH\Model.php(666): CodeIgniter\BaseModel->insert([...], false)
 6 SYSTEMPATH\BaseModel.php(658): CodeIgniter\Model->insert(Object(App\Entities\Exames), false)
 7 APPPATH\Controllers\ExamesController.php(25): CodeIgniter\BaseModel->save(Object(App\Entities\Exames))
 8 SYSTEMPATH\CodeIgniter.php(898): App\Controllers\ExamesController->salvar()
 9 SYSTEMPATH\CodeIgniter.php(457): CodeIgniter\CodeIgniter->runController(Object(App\Controllers\ExamesController))
10 SYSTEMPATH\CodeIgniter.php(340): CodeIgniter\CodeIgniter->handleRequest(null, Object(Config\Cache), false)
11 FCPATH\index.php(67): CodeIgniter\CodeIgniter->run()
12 SYSTEMPATH\Commands\Server\rewrite.php(43): require_once('FCPATH\\index.php')
CRITICAL - 2022-10-02 10:26:14 -->  is not a valid rule.
in SYSTEMPATH\Validation\Validation.php on line 316.
 1 SYSTEMPATH\Validation\Validation.php(316): CodeIgniter\Validation\Exceptions\ValidationException::forRuleNotFound('ROOTPATH\\public')
 2 SYSTEMPATH\Validation\Validation.php(175): CodeIgniter\Validation\Validation->processRules('EXM_AUTORIZADO', 'EXM_AUTORIZADO', null, [...], [...])
 3 SYSTEMPATH\BaseModel.php(1350): CodeIgniter\Validation\Validation->run([...], null, null)
 4 SYSTEMPATH\BaseModel.php(707): CodeIgniter\BaseModel->validate([...])
 5 SYSTEMPATH\Model.php(666): CodeIgniter\BaseModel->insert([...], false)
 6 SYSTEMPATH\BaseModel.php(658): CodeIgniter\Model->insert(Object(App\Entities\Exames), false)
 7 APPPATH\Controllers\ExamesController.php(25): CodeIgniter\BaseModel->save(Object(App\Entities\Exames))
 8 SYSTEMPATH\CodeIgniter.php(898): App\Controllers\ExamesController->salvar()
 9 SYSTEMPATH\CodeIgniter.php(457): CodeIgniter\CodeIgniter->runController(Object(App\Controllers\ExamesController))
10 SYSTEMPATH\CodeIgniter.php(340): CodeIgniter\CodeIgniter->handleRequest(null, Object(Config\Cache), false)
11 FCPATH\index.php(67): CodeIgniter\CodeIgniter->run()
12 SYSTEMPATH\Commands\Server\rewrite.php(43): require_once('FCPATH\\index.php')
CRITICAL - 2022-10-02 10:31:39 --> Undefined property: stdClass::$u
in APPPATH\Views\exames\list.php on line 131.
 1 APPPATH\Views\exames\list.php(131): CodeIgniter\Debug\Exceptions->errorHandler(2, 'Undefined property: stdClass::$u', 'APPPATH\\Views\\exames\\list.php', 131)
 2 SYSTEMPATH\View\View.php(213): include('APPPATH\\Views\\exames\\list.php')
 3 SYSTEMPATH\View\View.php(216): CodeIgniter\View\View->CodeIgniter\View\{closure}()
 4 SYSTEMPATH\Common.php(1137): CodeIgniter\View\View->render('/exames/list.php', [], true)
 5 APPPATH\Controllers\ExamesController.php(15): view('/exames/list.php')
 6 SYSTEMPATH\CodeIgniter.php(898): App\Controllers\ExamesController->listagem()
 7 SYSTEMPATH\CodeIgniter.php(457): CodeIgniter\CodeIgniter->runController(Object(App\Controllers\ExamesController))
 8 SYSTEMPATH\CodeIgniter.php(340): CodeIgniter\CodeIgniter->handleRequest(null, Object(Config\Cache), false)
 9 FCPATH\index.php(67): CodeIgniter\CodeIgniter->run()
10 SYSTEMPATH\Commands\Server\rewrite.php(43): require_once('FCPATH\\index.php')
CRITICAL - 2022-10-02 10:45:33 --> Attempt to read property "USC_NOME" on array
in APPPATH\Views\agendamentos\detail.php on line 144.
 1 APPPATH\Views\agendamentos\detail.php(144): CodeIgniter\Debug\Exceptions->errorHandler(2, 'Attempt to read property "USC_NOME" on array', 'APPPATH\\Views\\agendamentos\\detail.php', 144)
 2 SYSTEMPATH\View\View.php(213): include('APPPATH\\Views\\agendamentos\\detail.php')
 3 SYSTEMPATH\View\View.php(216): CodeIgniter\View\View->CodeIgniter\View\{closure}()
 4 SYSTEMPATH\Common.php(1137): CodeIgniter\View\View->render('/agendamentos/detail.php', [], true)
 5 APPPATH\Controllers\AgendamentosController.php(52): view('/agendamentos/detail.php', [...])
 6 SYSTEMPATH\CodeIgniter.php(898): App\Controllers\AgendamentosController->detalhar('7')
 7 SYSTEMPATH\CodeIgniter.php(457): CodeIgniter\CodeIgniter->runController(Object(App\Controllers\AgendamentosController))
 8 SYSTEMPATH\CodeIgniter.php(340): CodeIgniter\CodeIgniter->handleRequest(null, Object(Config\Cache), false)
 9 FCPATH\index.php(67): CodeIgniter\CodeIgniter->run()
10 SYSTEMPATH\Commands\Server\rewrite.php(43): require_once('FCPATH\\index.php')
CRITICAL - 2022-10-02 10:51:10 --> Attempt to read property "USC_NOME" on array
in APPPATH\Views\agendamentos\detail.php on line 144.
 1 APPPATH\Views\agendamentos\detail.php(144): CodeIgniter\Debug\Exceptions->errorHandler(2, 'Attempt to read property "USC_NOME" on array', 'APPPATH\\Views\\agendamentos\\detail.php', 144)
 2 SYSTEMPATH\View\View.php(213): include('APPPATH\\Views\\agendamentos\\detail.php')
 3 SYSTEMPATH\View\View.php(216): CodeIgniter\View\View->CodeIgniter\View\{closure}()
 4 SYSTEMPATH\Common.php(1137): CodeIgniter\View\View->render('/agendamentos/detail.php', [], true)
 5 APPPATH\Controllers\AgendamentosController.php(52): view('/agendamentos/detail.php', [...])
 6 SYSTEMPATH\CodeIgniter.php(898): App\Controllers\AgendamentosController->detalhar('7')
 7 SYSTEMPATH\CodeIgniter.php(457): CodeIgniter\CodeIgniter->runController(Object(App\Controllers\AgendamentosController))
 8 SYSTEMPATH\CodeIgniter.php(340): CodeIgniter\CodeIgniter->handleRequest(null, Object(Config\Cache), false)
 9 FCPATH\index.php(67): CodeIgniter\CodeIgniter->run()
10 SYSTEMPATH\Commands\Server\rewrite.php(43): require_once('FCPATH\\index.php')
CRITICAL - 2022-10-02 10:59:36 --> Undefined global variable $_SESSION
in APPPATH\Views\exames\list.php on line 14.
 1 APPPATH\Views\exames\list.php(14): CodeIgniter\Debug\Exceptions->errorHandler(2, 'Undefined global variable $_SESSION', 'APPPATH\\Views\\exames\\list.php', 14)
 2 SYSTEMPATH\View\View.php(213): include('APPPATH\\Views\\exames\\list.php')
 3 SYSTEMPATH\View\View.php(216): CodeIgniter\View\View->CodeIgniter\View\{closure}()
 4 SYSTEMPATH\Common.php(1137): CodeIgniter\View\View->render('/exames/list.php', [], true)
 5 APPPATH\Controllers\ExamesController.php(15): view('/exames/list.php')
 6 SYSTEMPATH\CodeIgniter.php(898): App\Controllers\ExamesController->listagem()
 7 SYSTEMPATH\CodeIgniter.php(457): CodeIgniter\CodeIgniter->runController(Object(App\Controllers\ExamesController))
 8 SYSTEMPATH\CodeIgniter.php(340): CodeIgniter\CodeIgniter->handleRequest(null, Object(Config\Cache), false)
 9 FCPATH\index.php(67): CodeIgniter\CodeIgniter->run()
10 SYSTEMPATH\Commands\Server\rewrite.php(43): require_once('FCPATH\\index.php')
CRITICAL - 2022-10-02 11:00:16 --> Undefined global variable $_SESSION
in APPPATH\Views\exames\list.php on line 12.
 1 APPPATH\Views\exames\list.php(12): CodeIgniter\Debug\Exceptions->errorHandler(2, 'Undefined global variable $_SESSION', 'APPPATH\\Views\\exames\\list.php', 12)
 2 SYSTEMPATH\View\View.php(213): include('APPPATH\\Views\\exames\\list.php')
 3 SYSTEMPATH\View\View.php(216): CodeIgniter\View\View->CodeIgniter\View\{closure}()
 4 SYSTEMPATH\Common.php(1137): CodeIgniter\View\View->render('/exames/list.php', [], true)
 5 APPPATH\Controllers\ExamesController.php(15): view('/exames/list.php')
 6 SYSTEMPATH\CodeIgniter.php(898): App\Controllers\ExamesController->listagem()
 7 SYSTEMPATH\CodeIgniter.php(457): CodeIgniter\CodeIgniter->runController(Object(App\Controllers\ExamesController))
 8 SYSTEMPATH\CodeIgniter.php(340): CodeIgniter\CodeIgniter->handleRequest(null, Object(Config\Cache), false)
 9 FCPATH\index.php(67): CodeIgniter\CodeIgniter->run()
10 SYSTEMPATH\Commands\Server\rewrite.php(43): require_once('FCPATH\\index.php')
CRITICAL - 2022-10-02 11:00:45 --> Call to undefined method App\Models\ExamesModel::obterAgendamentosPorIdPaciente
in SYSTEMPATH\Model.php on line 773.
 1 APPPATH\Views\exames\list.php(17): CodeIgniter\Model->__call('obterAgendamentosPorIdPaciente', [...])
 2 SYSTEMPATH\View\View.php(213): include('APPPATH\\Views\\exames\\list.php')
 3 SYSTEMPATH\View\View.php(216): CodeIgniter\View\View->CodeIgniter\View\{closure}()
 4 SYSTEMPATH\Common.php(1137): CodeIgniter\View\View->render('/exames/list.php', [], true)
 5 APPPATH\Controllers\ExamesController.php(15): view('/exames/list.php')
 6 SYSTEMPATH\CodeIgniter.php(898): App\Controllers\ExamesController->listagem()
 7 SYSTEMPATH\CodeIgniter.php(457): CodeIgniter\CodeIgniter->runController(Object(App\Controllers\ExamesController))
 8 SYSTEMPATH\CodeIgniter.php(340): CodeIgniter\CodeIgniter->handleRequest(null, Object(Config\Cache), false)
 9 FCPATH\index.php(67): CodeIgniter\CodeIgniter->run()
10 SYSTEMPATH\Commands\Server\rewrite.php(43): require_once('FCPATH\\index.php')
CRITICAL - 2022-10-02 11:02:05 --> Call to undefined method App\Models\ExamesModel::obterExamesPorIdPaciente
in SYSTEMPATH\Model.php on line 773.
 1 APPPATH\Views\exames\list.php(17): CodeIgniter\Model->__call('obterExamesPorIdPaciente', [...])
 2 SYSTEMPATH\View\View.php(213): include('APPPATH\\Views\\exames\\list.php')
 3 SYSTEMPATH\View\View.php(216): CodeIgniter\View\View->CodeIgniter\View\{closure}()
 4 SYSTEMPATH\Common.php(1137): CodeIgniter\View\View->render('/exames/list.php', [], true)
 5 APPPATH\Controllers\ExamesController.php(15): view('/exames/list.php')
 6 SYSTEMPATH\CodeIgniter.php(898): App\Controllers\ExamesController->listagem()
 7 SYSTEMPATH\CodeIgniter.php(457): CodeIgniter\CodeIgniter->runController(Object(App\Controllers\ExamesController))
 8 SYSTEMPATH\CodeIgniter.php(340): CodeIgniter\CodeIgniter->handleRequest(null, Object(Config\Cache), false)
 9 FCPATH\index.php(67): CodeIgniter\CodeIgniter->run()
10 SYSTEMPATH\Commands\Server\rewrite.php(43): require_once('FCPATH\\index.php')
CRITICAL - 2022-10-02 11:02:35 --> Call to undefined method App\Models\ExamesModel::obterExamesPorIdPaciente
in SYSTEMPATH\Model.php on line 773.
 1 APPPATH\Views\exames\list.php(17): CodeIgniter\Model->__call('obterExamesPorIdPaciente', [...])
 2 SYSTEMPATH\View\View.php(213): include('APPPATH\\Views\\exames\\list.php')
 3 SYSTEMPATH\View\View.php(216): CodeIgniter\View\View->CodeIgniter\View\{closure}()
 4 SYSTEMPATH\Common.php(1137): CodeIgniter\View\View->render('/exames/list.php', [], true)
 5 APPPATH\Controllers\ExamesController.php(15): view('/exames/list.php')
 6 SYSTEMPATH\CodeIgniter.php(898): App\Controllers\ExamesController->listagem()
 7 SYSTEMPATH\CodeIgniter.php(457): CodeIgniter\CodeIgniter->runController(Object(App\Controllers\ExamesController))
 8 SYSTEMPATH\CodeIgniter.php(340): CodeIgniter\CodeIgniter->handleRequest(null, Object(Config\Cache), false)
 9 FCPATH\index.php(67): CodeIgniter\CodeIgniter->run()
10 SYSTEMPATH\Commands\Server\rewrite.php(43): require_once('FCPATH\\index.php')
CRITICAL - 2022-10-02 11:02:37 --> Call to undefined method App\Models\ExamesModel::obterExamesPorIdPaciente
in SYSTEMPATH\Model.php on line 773.
 1 APPPATH\Views\exames\list.php(17): CodeIgniter\Model->__call('obterExamesPorIdPaciente', [...])
 2 SYSTEMPATH\View\View.php(213): include('APPPATH\\Views\\exames\\list.php')
 3 SYSTEMPATH\View\View.php(216): CodeIgniter\View\View->CodeIgniter\View\{closure}()
 4 SYSTEMPATH\Common.php(1137): CodeIgniter\View\View->render('/exames/list.php', [], true)
 5 APPPATH\Controllers\ExamesController.php(15): view('/exames/list.php')
 6 SYSTEMPATH\CodeIgniter.php(898): App\Controllers\ExamesController->listagem()
 7 SYSTEMPATH\CodeIgniter.php(457): CodeIgniter\CodeIgniter->runController(Object(App\Controllers\ExamesController))
 8 SYSTEMPATH\CodeIgniter.php(340): CodeIgniter\CodeIgniter->handleRequest(null, Object(Config\Cache), false)
 9 FCPATH\index.php(67): CodeIgniter\CodeIgniter->run()
10 SYSTEMPATH\Commands\Server\rewrite.php(43): require_once('FCPATH\\index.php')
CRITICAL - 2022-10-02 15:02:00 --> Attempt to read property "FK_PACIENTES_PAC_ID" on array
in APPPATH\Views\exames\list.php on line 139.
 1 APPPATH\Views\exames\list.php(139): CodeIgniter\Debug\Exceptions->errorHandler(2, 'Attempt to read property "FK_PACIENTES_PAC_ID" on array', 'APPPATH\\Views\\exames\\list.php', 139)
 2 SYSTEMPATH\View\View.php(213): include('APPPATH\\Views\\exames\\list.php')
 3 SYSTEMPATH\View\View.php(216): CodeIgniter\View\View->CodeIgniter\View\{closure}()
 4 SYSTEMPATH\Common.php(1137): CodeIgniter\View\View->render('/exames/list.php', [], true)
 5 APPPATH\Controllers\ExamesController.php(15): view('/exames/list.php')
 6 SYSTEMPATH\CodeIgniter.php(898): App\Controllers\ExamesController->listagem()
 7 SYSTEMPATH\CodeIgniter.php(457): CodeIgniter\CodeIgniter->runController(Object(App\Controllers\ExamesController))
 8 SYSTEMPATH\CodeIgniter.php(340): CodeIgniter\CodeIgniter->handleRequest(null, Object(Config\Cache), false)
 9 FCPATH\index.php(67): CodeIgniter\CodeIgniter->run()
10 SYSTEMPATH\Commands\Server\rewrite.php(43): require_once('FCPATH\\index.php')
CRITICAL - 2022-10-02 15:03:16 --> Undefined variable $exame
in APPPATH\Views\exames\list.php on line 143.
 1 APPPATH\Views\exames\list.php(143): CodeIgniter\Debug\Exceptions->errorHandler(2, 'Undefined variable $exame', 'APPPATH\\Views\\exames\\list.php', 143)
 2 SYSTEMPATH\View\View.php(213): include('APPPATH\\Views\\exames\\list.php')
 3 SYSTEMPATH\View\View.php(216): CodeIgniter\View\View->CodeIgniter\View\{closure}()
 4 SYSTEMPATH\Common.php(1137): CodeIgniter\View\View->render('/exames/list.php', [], true)
 5 APPPATH\Controllers\ExamesController.php(15): view('/exames/list.php')
 6 SYSTEMPATH\CodeIgniter.php(898): App\Controllers\ExamesController->listagem()
 7 SYSTEMPATH\CodeIgniter.php(457): CodeIgniter\CodeIgniter->runController(Object(App\Controllers\ExamesController))
 8 SYSTEMPATH\CodeIgniter.php(340): CodeIgniter\CodeIgniter->handleRequest(null, Object(Config\Cache), false)
 9 FCPATH\index.php(67): CodeIgniter\CodeIgniter->run()
10 SYSTEMPATH\Commands\Server\rewrite.php(43): require_once('FCPATH\\index.php')
CRITICAL - 2022-10-02 15:03:19 --> Undefined variable $exame
in APPPATH\Views\exames\list.php on line 143.
 1 APPPATH\Views\exames\list.php(143): CodeIgniter\Debug\Exceptions->errorHandler(2, 'Undefined variable $exame', 'APPPATH\\Views\\exames\\list.php', 143)
 2 SYSTEMPATH\View\View.php(213): include('APPPATH\\Views\\exames\\list.php')
 3 SYSTEMPATH\View\View.php(216): CodeIgniter\View\View->CodeIgniter\View\{closure}()
 4 SYSTEMPATH\Common.php(1137): CodeIgniter\View\View->render('/exames/list.php', [], true)
 5 APPPATH\Controllers\ExamesController.php(15): view('/exames/list.php')
 6 SYSTEMPATH\CodeIgniter.php(898): App\Controllers\ExamesController->listagem()
 7 SYSTEMPATH\CodeIgniter.php(457): CodeIgniter\CodeIgniter->runController(Object(App\Controllers\ExamesController))
 8 SYSTEMPATH\CodeIgniter.php(340): CodeIgniter\CodeIgniter->handleRequest(null, Object(Config\Cache), false)
 9 FCPATH\index.php(67): CodeIgniter\CodeIgniter->run()
10 SYSTEMPATH\Commands\Server\rewrite.php(43): require_once('FCPATH\\index.php')
CRITICAL - 2022-10-02 15:03:34 --> Undefined variable $exame
in APPPATH\Views\exames\list.php on line 146.
 1 APPPATH\Views\exames\list.php(146): CodeIgniter\Debug\Exceptions->errorHandler(2, 'Undefined variable $exame', 'APPPATH\\Views\\exames\\list.php', 146)
 2 SYSTEMPATH\View\View.php(213): include('APPPATH\\Views\\exames\\list.php')
 3 SYSTEMPATH\View\View.php(216): CodeIgniter\View\View->CodeIgniter\View\{closure}()
 4 SYSTEMPATH\Common.php(1137): CodeIgniter\View\View->render('/exames/list.php', [], true)
 5 APPPATH\Controllers\ExamesController.php(15): view('/exames/list.php')
 6 SYSTEMPATH\CodeIgniter.php(898): App\Controllers\ExamesController->listagem()
 7 SYSTEMPATH\CodeIgniter.php(457): CodeIgniter\CodeIgniter->runController(Object(App\Controllers\ExamesController))
 8 SYSTEMPATH\CodeIgniter.php(340): CodeIgniter\CodeIgniter->handleRequest(null, Object(Config\Cache), false)
 9 FCPATH\index.php(67): CodeIgniter\CodeIgniter->run()
10 SYSTEMPATH\Commands\Server\rewrite.php(43): require_once('FCPATH\\index.php')
CRITICAL - 2022-10-02 15:12:14 --> Undefined constant "examesModel"
in APPPATH\Views\exames\list.php on line 7.
 1 SYSTEMPATH\View\View.php(213): include()
 2 SYSTEMPATH\View\View.php(216): CodeIgniter\View\View->CodeIgniter\View\{closure}()
 3 SYSTEMPATH\Common.php(1137): CodeIgniter\View\View->render('/exames/list.php', [], true)
 4 APPPATH\Controllers\ExamesController.php(15): view('/exames/list.php')
 5 SYSTEMPATH\CodeIgniter.php(898): App\Controllers\ExamesController->listagem()
 6 SYSTEMPATH\CodeIgniter.php(457): CodeIgniter\CodeIgniter->runController(Object(App\Controllers\ExamesController))
 7 SYSTEMPATH\CodeIgniter.php(340): CodeIgniter\CodeIgniter->handleRequest(null, Object(Config\Cache), false)
 8 FCPATH\index.php(67): CodeIgniter\CodeIgniter->run()
 9 SYSTEMPATH\Commands\Server\rewrite.php(43): require_once('FCPATH\\index.php')
CRITICAL - 2022-10-02 15:13:00 --> Undefined variable $usuarioComumModel
in APPPATH\Views\exames\list.php on line 126.
 1 APPPATH\Views\exames\list.php(126): CodeIgniter\Debug\Exceptions->errorHandler(2, 'Undefined variable $usuarioComumModel', 'APPPATH\\Views\\exames\\list.php', 126)
 2 SYSTEMPATH\View\View.php(213): include('APPPATH\\Views\\exames\\list.php')
 3 SYSTEMPATH\View\View.php(216): CodeIgniter\View\View->CodeIgniter\View\{closure}()
 4 SYSTEMPATH\Common.php(1137): CodeIgniter\View\View->render('/exames/list.php', [], true)
 5 APPPATH\Controllers\ExamesController.php(15): view('/exames/list.php')
 6 SYSTEMPATH\CodeIgniter.php(898): App\Controllers\ExamesController->listagem()
 7 SYSTEMPATH\CodeIgniter.php(457): CodeIgniter\CodeIgniter->runController(Object(App\Controllers\ExamesController))
 8 SYSTEMPATH\CodeIgniter.php(340): CodeIgniter\CodeIgniter->handleRequest(null, Object(Config\Cache), false)
 9 FCPATH\index.php(67): CodeIgniter\CodeIgniter->run()
10 SYSTEMPATH\Commands\Server\rewrite.php(43): require_once('FCPATH\\index.php')
CRITICAL - 2022-10-02 15:13:12 --> Undefined variable $usuarioComumModel
in APPPATH\Views\exames\list.php on line 124.
 1 APPPATH\Views\exames\list.php(124): CodeIgniter\Debug\Exceptions->errorHandler(2, 'Undefined variable $usuarioComumModel', 'APPPATH\\Views\\exames\\list.php', 124)
 2 SYSTEMPATH\View\View.php(213): include('APPPATH\\Views\\exames\\list.php')
 3 SYSTEMPATH\View\View.php(216): CodeIgniter\View\View->CodeIgniter\View\{closure}()
 4 SYSTEMPATH\Common.php(1137): CodeIgniter\View\View->render('/exames/list.php', [], true)
 5 APPPATH\Controllers\ExamesController.php(15): view('/exames/list.php')
 6 SYSTEMPATH\CodeIgniter.php(898): App\Controllers\ExamesController->listagem()
 7 SYSTEMPATH\CodeIgniter.php(457): CodeIgniter\CodeIgniter->runController(Object(App\Controllers\ExamesController))
 8 SYSTEMPATH\CodeIgniter.php(340): CodeIgniter\CodeIgniter->handleRequest(null, Object(Config\Cache), false)
 9 FCPATH\index.php(67): CodeIgniter\CodeIgniter->run()
10 SYSTEMPATH\Commands\Server\rewrite.php(43): require_once('FCPATH\\index.php')
CRITICAL - 2022-10-02 15:13:31 --> Undefined variable $usuarioComumModel
in APPPATH\Views\exames\list.php on line 124.
 1 APPPATH\Views\exames\list.php(124): CodeIgniter\Debug\Exceptions->errorHandler(2, 'Undefined variable $usuarioComumModel', 'APPPATH\\Views\\exames\\list.php', 124)
 2 SYSTEMPATH\View\View.php(213): include('APPPATH\\Views\\exames\\list.php')
 3 SYSTEMPATH\View\View.php(216): CodeIgniter\View\View->CodeIgniter\View\{closure}()
 4 SYSTEMPATH\Common.php(1137): CodeIgniter\View\View->render('/exames/list.php', [], true)
 5 APPPATH\Controllers\ExamesController.php(15): view('/exames/list.php')
 6 SYSTEMPATH\CodeIgniter.php(898): App\Controllers\ExamesController->listagem()
 7 SYSTEMPATH\CodeIgniter.php(457): CodeIgniter\CodeIgniter->runController(Object(App\Controllers\ExamesController))
 8 SYSTEMPATH\CodeIgniter.php(340): CodeIgniter\CodeIgniter->handleRequest(null, Object(Config\Cache), false)
 9 FCPATH\index.php(67): CodeIgniter\CodeIgniter->run()
10 SYSTEMPATH\Commands\Server\rewrite.php(43): require_once('FCPATH\\index.php')
CRITICAL - 2022-10-02 15:13:32 --> Undefined variable $usuarioComumModel
in APPPATH\Views\exames\list.php on line 124.
 1 APPPATH\Views\exames\list.php(124): CodeIgniter\Debug\Exceptions->errorHandler(2, 'Undefined variable $usuarioComumModel', 'APPPATH\\Views\\exames\\list.php', 124)
 2 SYSTEMPATH\View\View.php(213): include('APPPATH\\Views\\exames\\list.php')
 3 SYSTEMPATH\View\View.php(216): CodeIgniter\View\View->CodeIgniter\View\{closure}()
 4 SYSTEMPATH\Common.php(1137): CodeIgniter\View\View->render('/exames/list.php', [], true)
 5 APPPATH\Controllers\ExamesController.php(15): view('/exames/list.php')
 6 SYSTEMPATH\CodeIgniter.php(898): App\Controllers\ExamesController->listagem()
 7 SYSTEMPATH\CodeIgniter.php(457): CodeIgniter\CodeIgniter->runController(Object(App\Controllers\ExamesController))
 8 SYSTEMPATH\CodeIgniter.php(340): CodeIgniter\CodeIgniter->handleRequest(null, Object(Config\Cache), false)
 9 FCPATH\index.php(67): CodeIgniter\CodeIgniter->run()
10 SYSTEMPATH\Commands\Server\rewrite.php(43): require_once('FCPATH\\index.php')
CRITICAL - 2022-10-02 15:14:38 --> Undefined variable $exames
in APPPATH\Views\exames\list.php on line 132.
 1 APPPATH\Views\exames\list.php(132): CodeIgniter\Debug\Exceptions->errorHandler(2, 'Undefined variable $exames', 'APPPATH\\Views\\exames\\list.php', 132)
 2 SYSTEMPATH\View\View.php(213): include('APPPATH\\Views\\exames\\list.php')
 3 SYSTEMPATH\View\View.php(216): CodeIgniter\View\View->CodeIgniter\View\{closure}()
 4 SYSTEMPATH\Common.php(1137): CodeIgniter\View\View->render('/exames/list.php', [], true)
 5 APPPATH\Controllers\ExamesController.php(15): view('/exames/list.php')
 6 SYSTEMPATH\CodeIgniter.php(898): App\Controllers\ExamesController->listagem()
 7 SYSTEMPATH\CodeIgniter.php(457): CodeIgniter\CodeIgniter->runController(Object(App\Controllers\ExamesController))
 8 SYSTEMPATH\CodeIgniter.php(340): CodeIgniter\CodeIgniter->handleRequest(null, Object(Config\Cache), false)
 9 FCPATH\index.php(67): CodeIgniter\CodeIgniter->run()
10 SYSTEMPATH\Commands\Server\rewrite.php(43): require_once('FCPATH\\index.php')
CRITICAL - 2022-10-02 15:15:44 --> Undefined array key "id"
in APPPATH\Views\agendamentos\list.php on line 12.
 1 APPPATH\Views\agendamentos\list.php(12): CodeIgniter\Debug\Exceptions->errorHandler(2, 'Undefined array key "id"', 'APPPATH\\Views\\agendamentos\\list.php', 12)
 2 SYSTEMPATH\View\View.php(213): include('APPPATH\\Views\\agendamentos\\list.php')
 3 SYSTEMPATH\View\View.php(216): CodeIgniter\View\View->CodeIgniter\View\{closure}()
 4 SYSTEMPATH\Common.php(1137): CodeIgniter\View\View->render('/agendamentos/list.php', [], true)
 5 APPPATH\Controllers\AgendamentosController.php(25): view('/agendamentos/list.php')
 6 SYSTEMPATH\CodeIgniter.php(898): App\Controllers\AgendamentosController->listagem()
 7 SYSTEMPATH\CodeIgniter.php(457): CodeIgniter\CodeIgniter->runController(Object(App\Controllers\AgendamentosController))
 8 SYSTEMPATH\CodeIgniter.php(340): CodeIgniter\CodeIgniter->handleRequest(null, Object(Config\Cache), false)
 9 FCPATH\index.php(67): CodeIgniter\CodeIgniter->run()
10 SYSTEMPATH\Commands\Server\rewrite.php(43): require_once('FCPATH\\index.php')
CRITICAL - 2022-10-02 15:15:54 --> Undefined array key "id"
in APPPATH\Views\exames\list.php on line 14.
 1 APPPATH\Views\exames\list.php(14): CodeIgniter\Debug\Exceptions->errorHandler(2, 'Undefined array key "id"', 'APPPATH\\Views\\exames\\list.php', 14)
 2 SYSTEMPATH\View\View.php(213): include('APPPATH\\Views\\exames\\list.php')
 3 SYSTEMPATH\View\View.php(216): CodeIgniter\View\View->CodeIgniter\View\{closure}()
 4 SYSTEMPATH\Common.php(1137): CodeIgniter\View\View->render('/exames/list.php', [], true)
 5 APPPATH\Controllers\ExamesController.php(15): view('/exames/list.php')
 6 SYSTEMPATH\CodeIgniter.php(898): App\Controllers\ExamesController->listagem()
 7 SYSTEMPATH\CodeIgniter.php(457): CodeIgniter\CodeIgniter->runController(Object(App\Controllers\ExamesController))
 8 SYSTEMPATH\CodeIgniter.php(340): CodeIgniter\CodeIgniter->handleRequest(null, Object(Config\Cache), false)
 9 FCPATH\index.php(67): CodeIgniter\CodeIgniter->run()
10 SYSTEMPATH\Commands\Server\rewrite.php(43): require_once('FCPATH\\index.php')
CRITICAL - 2022-10-02 16:38:00 --> Undefined variable $id
in APPPATH\Views\exames\detail.php on line 5.
 1 APPPATH\Views\exames\detail.php(5): CodeIgniter\Debug\Exceptions->errorHandler(2, 'Undefined variable $id', 'APPPATH\\Views\\exames\\detail.php', 5)
 2 SYSTEMPATH\View\View.php(213): include('APPPATH\\Views\\exames\\detail.php')
 3 SYSTEMPATH\View\View.php(216): CodeIgniter\View\View->CodeIgniter\View\{closure}()
 4 SYSTEMPATH\Common.php(1137): CodeIgniter\View\View->render('/exames/detail.php', [], true)
 5 APPPATH\Controllers\ExamesController.php(19): view('/exames/detail.php')
 6 SYSTEMPATH\CodeIgniter.php(898): App\Controllers\ExamesController->visualizar()
 7 SYSTEMPATH\CodeIgniter.php(457): CodeIgniter\CodeIgniter->runController(Object(App\Controllers\ExamesController))
 8 SYSTEMPATH\CodeIgniter.php(340): CodeIgniter\CodeIgniter->handleRequest(null, Object(Config\Cache), false)
 9 FCPATH\index.php(67): CodeIgniter\CodeIgniter->run()
10 SYSTEMPATH\Commands\Server\rewrite.php(43): require_once('FCPATH\\index.php')
CRITICAL - 2022-10-02 16:42:29 --> Call to undefined method App\Models\ExamesModel::findAllById
in SYSTEMPATH\Model.php on line 773.
 1 APPPATH\Views\exames\detail.php(5): CodeIgniter\Model->__call('findAllById', [])
 2 SYSTEMPATH\View\View.php(213): include('APPPATH\\Views\\exames\\detail.php')
 3 SYSTEMPATH\View\View.php(216): CodeIgniter\View\View->CodeIgniter\View\{closure}()
 4 SYSTEMPATH\Common.php(1137): CodeIgniter\View\View->render('/exames/detail.php', [], true)
 5 APPPATH\Controllers\ExamesController.php(19): view('/exames/detail.php')
 6 SYSTEMPATH\CodeIgniter.php(898): App\Controllers\ExamesController->visualizar()
 7 SYSTEMPATH\CodeIgniter.php(457): CodeIgniter\CodeIgniter->runController(Object(App\Controllers\ExamesController))
 8 SYSTEMPATH\CodeIgniter.php(340): CodeIgniter\CodeIgniter->handleRequest(null, Object(Config\Cache), false)
 9 FCPATH\index.php(67): CodeIgniter\CodeIgniter->run()
10 SYSTEMPATH\Commands\Server\rewrite.php(43): require_once('FCPATH\\index.php')
CRITICAL - 2022-10-02 16:42:38 --> Undefined variable $agendamento
in APPPATH\Views\exames\detail.php on line 9.
 1 APPPATH\Views\exames\detail.php(9): CodeIgniter\Debug\Exceptions->errorHandler(2, 'Undefined variable $agendamento', 'APPPATH\\Views\\exames\\detail.php', 9)
 2 SYSTEMPATH\View\View.php(213): include('APPPATH\\Views\\exames\\detail.php')
 3 SYSTEMPATH\View\View.php(216): CodeIgniter\View\View->CodeIgniter\View\{closure}()
 4 SYSTEMPATH\Common.php(1137): CodeIgniter\View\View->render('/exames/detail.php', [], true)
 5 APPPATH\Controllers\ExamesController.php(19): view('/exames/detail.php')
 6 SYSTEMPATH\CodeIgniter.php(898): App\Controllers\ExamesController->visualizar()
 7 SYSTEMPATH\CodeIgniter.php(457): CodeIgniter\CodeIgniter->runController(Object(App\Controllers\ExamesController))
 8 SYSTEMPATH\CodeIgniter.php(340): CodeIgniter\CodeIgniter->handleRequest(null, Object(Config\Cache), false)
 9 FCPATH\index.php(67): CodeIgniter\CodeIgniter->run()
10 SYSTEMPATH\Commands\Server\rewrite.php(43): require_once('FCPATH\\index.php')
CRITICAL - 2022-10-02 16:42:58 --> Attempt to read property "FK_PACIENTES_FK_USUARIO_COMUM_USC_ID" on array
in APPPATH\Views\exames\detail.php on line 9.
 1 APPPATH\Views\exames\detail.php(9): CodeIgniter\Debug\Exceptions->errorHandler(2, 'Attempt to read property "FK_PACIENTES_FK_USUARIO_COMUM_USC_ID" on array', 'APPPATH\\Views\\exames\\detail.php', 9)
 2 SYSTEMPATH\View\View.php(213): include('APPPATH\\Views\\exames\\detail.php')
 3 SYSTEMPATH\View\View.php(216): CodeIgniter\View\View->CodeIgniter\View\{closure}()
 4 SYSTEMPATH\Common.php(1137): CodeIgniter\View\View->render('/exames/detail.php', [], true)
 5 APPPATH\Controllers\ExamesController.php(19): view('/exames/detail.php')
 6 SYSTEMPATH\CodeIgniter.php(898): App\Controllers\ExamesController->visualizar()
 7 SYSTEMPATH\CodeIgniter.php(457): CodeIgniter\CodeIgniter->runController(Object(App\Controllers\ExamesController))
 8 SYSTEMPATH\CodeIgniter.php(340): CodeIgniter\CodeIgniter->handleRequest(null, Object(Config\Cache), false)
 9 FCPATH\index.php(67): CodeIgniter\CodeIgniter->run()
10 SYSTEMPATH\Commands\Server\rewrite.php(43): require_once('FCPATH\\index.php')
CRITICAL - 2022-10-02 16:43:34 --> Undefined variable $agendamento
in APPPATH\Views\exames\detail.php on line 12.
 1 APPPATH\Views\exames\detail.php(12): CodeIgniter\Debug\Exceptions->errorHandler(2, 'Undefined variable $agendamento', 'APPPATH\\Views\\exames\\detail.php', 12)
 2 SYSTEMPATH\View\View.php(213): include('APPPATH\\Views\\exames\\detail.php')
 3 SYSTEMPATH\View\View.php(216): CodeIgniter\View\View->CodeIgniter\View\{closure}()
 4 SYSTEMPATH\Common.php(1137): CodeIgniter\View\View->render('/exames/detail.php', [], true)
 5 APPPATH\Controllers\ExamesController.php(19): view('/exames/detail.php')
 6 SYSTEMPATH\CodeIgniter.php(898): App\Controllers\ExamesController->visualizar()
 7 SYSTEMPATH\CodeIgniter.php(457): CodeIgniter\CodeIgniter->runController(Object(App\Controllers\ExamesController))
 8 SYSTEMPATH\CodeIgniter.php(340): CodeIgniter\CodeIgniter->handleRequest(null, Object(Config\Cache), false)
 9 FCPATH\index.php(67): CodeIgniter\CodeIgniter->run()
10 SYSTEMPATH\Commands\Server\rewrite.php(43): require_once('FCPATH\\index.php')
CRITICAL - 2022-10-02 16:43:41 --> Attempt to read property "FK_PACIENTES_PAC_ID" on array
in APPPATH\Views\exames\detail.php on line 12.
 1 APPPATH\Views\exames\detail.php(12): CodeIgniter\Debug\Exceptions->errorHandler(2, 'Attempt to read property "FK_PACIENTES_PAC_ID" on array', 'APPPATH\\Views\\exames\\detail.php', 12)
 2 SYSTEMPATH\View\View.php(213): include('APPPATH\\Views\\exames\\detail.php')
 3 SYSTEMPATH\View\View.php(216): CodeIgniter\View\View->CodeIgniter\View\{closure}()
 4 SYSTEMPATH\Common.php(1137): CodeIgniter\View\View->render('/exames/detail.php', [], true)
 5 APPPATH\Controllers\ExamesController.php(19): view('/exames/detail.php')
 6 SYSTEMPATH\CodeIgniter.php(898): App\Controllers\ExamesController->visualizar()
 7 SYSTEMPATH\CodeIgniter.php(457): CodeIgniter\CodeIgniter->runController(Object(App\Controllers\ExamesController))
 8 SYSTEMPATH\CodeIgniter.php(340): CodeIgniter\CodeIgniter->handleRequest(null, Object(Config\Cache), false)
 9 FCPATH\index.php(67): CodeIgniter\CodeIgniter->run()
10 SYSTEMPATH\Commands\Server\rewrite.php(43): require_once('FCPATH\\index.php')
CRITICAL - 2022-10-02 16:45:18 --> Attempt to read property "FK_PACIENTES_PAC_ID" on array
in APPPATH\Views\exames\detail.php on line 12.
 1 APPPATH\Views\exames\detail.php(12): CodeIgniter\Debug\Exceptions->errorHandler(2, 'Attempt to read property "FK_PACIENTES_PAC_ID" on array', 'APPPATH\\Views\\exames\\detail.php', 12)
 2 SYSTEMPATH\View\View.php(213): include('APPPATH\\Views\\exames\\detail.php')
 3 SYSTEMPATH\View\View.php(216): CodeIgniter\View\View->CodeIgniter\View\{closure}()
 4 SYSTEMPATH\Common.php(1137): CodeIgniter\View\View->render('/exames/detail.php', [], true)
 5 APPPATH\Controllers\ExamesController.php(19): view('/exames/detail.php')
 6 SYSTEMPATH\CodeIgniter.php(898): App\Controllers\ExamesController->visualizar()
 7 SYSTEMPATH\CodeIgniter.php(457): CodeIgniter\CodeIgniter->runController(Object(App\Controllers\ExamesController))
 8 SYSTEMPATH\CodeIgniter.php(340): CodeIgniter\CodeIgniter->handleRequest(null, Object(Config\Cache), false)
 9 FCPATH\index.php(67): CodeIgniter\CodeIgniter->run()
10 SYSTEMPATH\Commands\Server\rewrite.php(43): require_once('FCPATH\\index.php')
CRITICAL - 2022-10-02 16:45:25 --> Attempt to read property "EXM_ID" on array
in APPPATH\Views\exames\detail.php on line 125.
 1 APPPATH\Views\exames\detail.php(125): CodeIgniter\Debug\Exceptions->errorHandler(2, 'Attempt to read property "EXM_ID" on array', 'APPPATH\\Views\\exames\\detail.php', 125)
 2 SYSTEMPATH\View\View.php(213): include('APPPATH\\Views\\exames\\detail.php')
 3 SYSTEMPATH\View\View.php(216): CodeIgniter\View\View->CodeIgniter\View\{closure}()
 4 SYSTEMPATH\Common.php(1137): CodeIgniter\View\View->render('/exames/detail.php', [], true)
 5 APPPATH\Controllers\ExamesController.php(19): view('/exames/detail.php')
 6 SYSTEMPATH\CodeIgniter.php(898): App\Controllers\ExamesController->visualizar()
 7 SYSTEMPATH\CodeIgniter.php(457): CodeIgniter\CodeIgniter->runController(Object(App\Controllers\ExamesController))
 8 SYSTEMPATH\CodeIgniter.php(340): CodeIgniter\CodeIgniter->handleRequest(null, Object(Config\Cache), false)
 9 FCPATH\index.php(67): CodeIgniter\CodeIgniter->run()
10 SYSTEMPATH\Commands\Server\rewrite.php(43): require_once('FCPATH\\index.php')
CRITICAL - 2022-10-02 16:45:40 --> Attempt to read property "EXM_ID" on array
in APPPATH\Views\exames\detail.php on line 125.
 1 APPPATH\Views\exames\detail.php(125): CodeIgniter\Debug\Exceptions->errorHandler(2, 'Attempt to read property "EXM_ID" on array', 'APPPATH\\Views\\exames\\detail.php', 125)
 2 SYSTEMPATH\View\View.php(213): include('APPPATH\\Views\\exames\\detail.php')
 3 SYSTEMPATH\View\View.php(216): CodeIgniter\View\View->CodeIgniter\View\{closure}()
 4 SYSTEMPATH\Common.php(1137): CodeIgniter\View\View->render('/exames/detail.php', [], true)
 5 APPPATH\Controllers\ExamesController.php(19): view('/exames/detail.php')
 6 SYSTEMPATH\CodeIgniter.php(898): App\Controllers\ExamesController->visualizar()
 7 SYSTEMPATH\CodeIgniter.php(457): CodeIgniter\CodeIgniter->runController(Object(App\Controllers\ExamesController))
 8 SYSTEMPATH\CodeIgniter.php(340): CodeIgniter\CodeIgniter->handleRequest(null, Object(Config\Cache), false)
 9 FCPATH\index.php(67): CodeIgniter\CodeIgniter->run()
10 SYSTEMPATH\Commands\Server\rewrite.php(43): require_once('FCPATH\\index.php')
CRITICAL - 2022-10-02 16:45:42 --> Attempt to read property "EXM_ID" on array
in APPPATH\Views\exames\detail.php on line 125.
 1 APPPATH\Views\exames\detail.php(125): CodeIgniter\Debug\Exceptions->errorHandler(2, 'Attempt to read property "EXM_ID" on array', 'APPPATH\\Views\\exames\\detail.php', 125)
 2 SYSTEMPATH\View\View.php(213): include('APPPATH\\Views\\exames\\detail.php')
 3 SYSTEMPATH\View\View.php(216): CodeIgniter\View\View->CodeIgniter\View\{closure}()
 4 SYSTEMPATH\Common.php(1137): CodeIgniter\View\View->render('/exames/detail.php', [], true)
 5 APPPATH\Controllers\ExamesController.php(19): view('/exames/detail.php')
 6 SYSTEMPATH\CodeIgniter.php(898): App\Controllers\ExamesController->visualizar()
 7 SYSTEMPATH\CodeIgniter.php(457): CodeIgniter\CodeIgniter->runController(Object(App\Controllers\ExamesController))
 8 SYSTEMPATH\CodeIgniter.php(340): CodeIgniter\CodeIgniter->handleRequest(null, Object(Config\Cache), false)
 9 FCPATH\index.php(67): CodeIgniter\CodeIgniter->run()
10 SYSTEMPATH\Commands\Server\rewrite.php(43): require_once('FCPATH\\index.php')
CRITICAL - 2022-10-02 16:46:17 --> Undefined variable $exames
in APPPATH\Views\exames\detail.php on line 124.
 1 APPPATH\Views\exames\detail.php(124): CodeIgniter\Debug\Exceptions->errorHandler(2, 'Undefined variable $exames', 'APPPATH\\Views\\exames\\detail.php', 124)
 2 SYSTEMPATH\View\View.php(213): include('APPPATH\\Views\\exames\\detail.php')
 3 SYSTEMPATH\View\View.php(216): CodeIgniter\View\View->CodeIgniter\View\{closure}()
 4 SYSTEMPATH\Common.php(1137): CodeIgniter\View\View->render('/exames/detail.php', [], true)
 5 APPPATH\Controllers\ExamesController.php(19): view('/exames/detail.php')
 6 SYSTEMPATH\CodeIgniter.php(898): App\Controllers\ExamesController->visualizar()
 7 SYSTEMPATH\CodeIgniter.php(457): CodeIgniter\CodeIgniter->runController(Object(App\Controllers\ExamesController))
 8 SYSTEMPATH\CodeIgniter.php(340): CodeIgniter\CodeIgniter->handleRequest(null, Object(Config\Cache), false)
 9 FCPATH\index.php(67): CodeIgniter\CodeIgniter->run()
10 SYSTEMPATH\Commands\Server\rewrite.php(43): require_once('FCPATH\\index.php')
CRITICAL - 2022-10-02 16:46:19 --> Undefined variable $exames
in APPPATH\Views\exames\detail.php on line 124.
 1 APPPATH\Views\exames\detail.php(124): CodeIgniter\Debug\Exceptions->errorHandler(2, 'Undefined variable $exames', 'APPPATH\\Views\\exames\\detail.php', 124)
 2 SYSTEMPATH\View\View.php(213): include('APPPATH\\Views\\exames\\detail.php')
 3 SYSTEMPATH\View\View.php(216): CodeIgniter\View\View->CodeIgniter\View\{closure}()
 4 SYSTEMPATH\Common.php(1137): CodeIgniter\View\View->render('/exames/detail.php', [], true)
 5 APPPATH\Controllers\ExamesController.php(19): view('/exames/detail.php')
 6 SYSTEMPATH\CodeIgniter.php(898): App\Controllers\ExamesController->visualizar()
 7 SYSTEMPATH\CodeIgniter.php(457): CodeIgniter\CodeIgniter->runController(Object(App\Controllers\ExamesController))
 8 SYSTEMPATH\CodeIgniter.php(340): CodeIgniter\CodeIgniter->handleRequest(null, Object(Config\Cache), false)
 9 FCPATH\index.php(67): CodeIgniter\CodeIgniter->run()
10 SYSTEMPATH\Commands\Server\rewrite.php(43): require_once('FCPATH\\index.php')
CRITICAL - 2022-10-02 16:53:13 --> Undefined variable $exames
in APPPATH\Views\exames\detail.php on line 124.
 1 APPPATH\Views\exames\detail.php(124): CodeIgniter\Debug\Exceptions->errorHandler(2, 'Undefined variable $exames', 'APPPATH\\Views\\exames\\detail.php', 124)
 2 SYSTEMPATH\View\View.php(213): include('APPPATH\\Views\\exames\\detail.php')
 3 SYSTEMPATH\View\View.php(216): CodeIgniter\View\View->CodeIgniter\View\{closure}()
 4 SYSTEMPATH\Common.php(1137): CodeIgniter\View\View->render('/exames/detail.php', [], true)
 5 APPPATH\Controllers\ExamesController.php(19): view('/exames/detail.php')
 6 SYSTEMPATH\CodeIgniter.php(898): App\Controllers\ExamesController->visualizar()
 7 SYSTEMPATH\CodeIgniter.php(457): CodeIgniter\CodeIgniter->runController(Object(App\Controllers\ExamesController))
 8 SYSTEMPATH\CodeIgniter.php(340): CodeIgniter\CodeIgniter->handleRequest(null, Object(Config\Cache), false)
 9 FCPATH\index.php(67): CodeIgniter\CodeIgniter->run()
10 SYSTEMPATH\Commands\Server\rewrite.php(43): require_once('FCPATH\\index.php')
CRITICAL - 2022-10-02 16:53:56 --> Undefined array key "id"
in APPPATH\Views\exames\detail.php on line 3.
 1 APPPATH\Views\exames\detail.php(3): CodeIgniter\Debug\Exceptions->errorHandler(2, 'Undefined array key "id"', 'APPPATH\\Views\\exames\\detail.php', 3)
 2 SYSTEMPATH\View\View.php(213): include('APPPATH\\Views\\exames\\detail.php')
 3 SYSTEMPATH\View\View.php(216): CodeIgniter\View\View->CodeIgniter\View\{closure}()
 4 SYSTEMPATH\Common.php(1137): CodeIgniter\View\View->render('/exames/detail.php', [], true)
 5 APPPATH\Controllers\ExamesController.php(19): view('/exames/detail.php')
 6 SYSTEMPATH\CodeIgniter.php(898): App\Controllers\ExamesController->visualizar()
 7 SYSTEMPATH\CodeIgniter.php(457): CodeIgniter\CodeIgniter->runController(Object(App\Controllers\ExamesController))
 8 SYSTEMPATH\CodeIgniter.php(340): CodeIgniter\CodeIgniter->handleRequest(null, Object(Config\Cache), false)
 9 FCPATH\index.php(67): CodeIgniter\CodeIgniter->run()
10 SYSTEMPATH\Commands\Server\rewrite.php(43): require_once('FCPATH\\index.php')
CRITICAL - 2022-10-02 16:54:11 --> Attempt to read property "EXM_ID" on array
in APPPATH\Views\exames\detail.php on line 125.
 1 APPPATH\Views\exames\detail.php(125): CodeIgniter\Debug\Exceptions->errorHandler(2, 'Attempt to read property "EXM_ID" on array', 'APPPATH\\Views\\exames\\detail.php', 125)
 2 SYSTEMPATH\View\View.php(213): include('APPPATH\\Views\\exames\\detail.php')
 3 SYSTEMPATH\View\View.php(216): CodeIgniter\View\View->CodeIgniter\View\{closure}()
 4 SYSTEMPATH\Common.php(1137): CodeIgniter\View\View->render('/exames/detail.php', [], true)
 5 APPPATH\Controllers\ExamesController.php(19): view('/exames/detail.php')
 6 SYSTEMPATH\CodeIgniter.php(898): App\Controllers\ExamesController->visualizar()
 7 SYSTEMPATH\CodeIgniter.php(457): CodeIgniter\CodeIgniter->runController(Object(App\Controllers\ExamesController))
 8 SYSTEMPATH\CodeIgniter.php(340): CodeIgniter\CodeIgniter->handleRequest(null, Object(Config\Cache), false)
 9 FCPATH\index.php(67): CodeIgniter\CodeIgniter->run()
10 SYSTEMPATH\Commands\Server\rewrite.php(43): require_once('FCPATH\\index.php')
CRITICAL - 2022-10-02 16:54:14 --> Attempt to read property "EXM_ID" on array
in APPPATH\Views\exames\detail.php on line 125.
 1 APPPATH\Views\exames\detail.php(125): CodeIgniter\Debug\Exceptions->errorHandler(2, 'Attempt to read property "EXM_ID" on array', 'APPPATH\\Views\\exames\\detail.php', 125)
 2 SYSTEMPATH\View\View.php(213): include('APPPATH\\Views\\exames\\detail.php')
 3 SYSTEMPATH\View\View.php(216): CodeIgniter\View\View->CodeIgniter\View\{closure}()
 4 SYSTEMPATH\Common.php(1137): CodeIgniter\View\View->render('/exames/detail.php', [], true)
 5 APPPATH\Controllers\ExamesController.php(19): view('/exames/detail.php')
 6 SYSTEMPATH\CodeIgniter.php(898): App\Controllers\ExamesController->visualizar()
 7 SYSTEMPATH\CodeIgniter.php(457): CodeIgniter\CodeIgniter->runController(Object(App\Controllers\ExamesController))
 8 SYSTEMPATH\CodeIgniter.php(340): CodeIgniter\CodeIgniter->handleRequest(null, Object(Config\Cache), false)
 9 FCPATH\index.php(67): CodeIgniter\CodeIgniter->run()
10 SYSTEMPATH\Commands\Server\rewrite.php(43): require_once('FCPATH\\index.php')
CRITICAL - 2022-10-02 16:55:11 --> Attempt to read property "EXM_ID" on array
in APPPATH\Views\exames\detail.php on line 125.
 1 APPPATH\Views\exames\detail.php(125): CodeIgniter\Debug\Exceptions->errorHandler(2, 'Attempt to read property "EXM_ID" on array', 'APPPATH\\Views\\exames\\detail.php', 125)
 2 SYSTEMPATH\View\View.php(213): include('APPPATH\\Views\\exames\\detail.php')
 3 SYSTEMPATH\View\View.php(216): CodeIgniter\View\View->CodeIgniter\View\{closure}()
 4 SYSTEMPATH\Common.php(1137): CodeIgniter\View\View->render('/exames/detail.php', [], true)
 5 APPPATH\Controllers\ExamesController.php(19): view('/exames/detail.php')
 6 SYSTEMPATH\CodeIgniter.php(898): App\Controllers\ExamesController->visualizar()
 7 SYSTEMPATH\CodeIgniter.php(457): CodeIgniter\CodeIgniter->runController(Object(App\Controllers\ExamesController))
 8 SYSTEMPATH\CodeIgniter.php(340): CodeIgniter\CodeIgniter->handleRequest(null, Object(Config\Cache), false)
 9 FCPATH\index.php(67): CodeIgniter\CodeIgniter->run()
10 SYSTEMPATH\Commands\Server\rewrite.php(43): require_once('FCPATH\\index.php')
CRITICAL - 2022-10-02 16:55:13 --> Attempt to read property "EXM_ID" on array
in APPPATH\Views\exames\detail.php on line 125.
 1 APPPATH\Views\exames\detail.php(125): CodeIgniter\Debug\Exceptions->errorHandler(2, 'Attempt to read property "EXM_ID" on array', 'APPPATH\\Views\\exames\\detail.php', 125)
 2 SYSTEMPATH\View\View.php(213): include('APPPATH\\Views\\exames\\detail.php')
 3 SYSTEMPATH\View\View.php(216): CodeIgniter\View\View->CodeIgniter\View\{closure}()
 4 SYSTEMPATH\Common.php(1137): CodeIgniter\View\View->render('/exames/detail.php', [], true)
 5 APPPATH\Controllers\ExamesController.php(19): view('/exames/detail.php')
 6 SYSTEMPATH\CodeIgniter.php(898): App\Controllers\ExamesController->visualizar()
 7 SYSTEMPATH\CodeIgniter.php(457): CodeIgniter\CodeIgniter->runController(Object(App\Controllers\ExamesController))
 8 SYSTEMPATH\CodeIgniter.php(340): CodeIgniter\CodeIgniter->handleRequest(null, Object(Config\Cache), false)
 9 FCPATH\index.php(67): CodeIgniter\CodeIgniter->run()
10 SYSTEMPATH\Commands\Server\rewrite.php(43): require_once('FCPATH\\index.php')
CRITICAL - 2022-10-02 16:55:14 --> Attempt to read property "EXM_ID" on array
in APPPATH\Views\exames\detail.php on line 125.
 1 APPPATH\Views\exames\detail.php(125): CodeIgniter\Debug\Exceptions->errorHandler(2, 'Attempt to read property "EXM_ID" on array', 'APPPATH\\Views\\exames\\detail.php', 125)
 2 SYSTEMPATH\View\View.php(213): include('APPPATH\\Views\\exames\\detail.php')
 3 SYSTEMPATH\View\View.php(216): CodeIgniter\View\View->CodeIgniter\View\{closure}()
 4 SYSTEMPATH\Common.php(1137): CodeIgniter\View\View->render('/exames/detail.php', [], true)
 5 APPPATH\Controllers\ExamesController.php(19): view('/exames/detail.php')
 6 SYSTEMPATH\CodeIgniter.php(898): App\Controllers\ExamesController->visualizar()
 7 SYSTEMPATH\CodeIgniter.php(457): CodeIgniter\CodeIgniter->runController(Object(App\Controllers\ExamesController))
 8 SYSTEMPATH\CodeIgniter.php(340): CodeIgniter\CodeIgniter->handleRequest(null, Object(Config\Cache), false)
 9 FCPATH\index.php(67): CodeIgniter\CodeIgniter->run()
10 SYSTEMPATH\Commands\Server\rewrite.php(43): require_once('FCPATH\\index.php')
CRITICAL - 2022-10-02 17:00:46 --> Attempt to read property "EXM_ID" on array
in APPPATH\Views\exames\detail.php on line 125.
 1 APPPATH\Views\exames\detail.php(125): CodeIgniter\Debug\Exceptions->errorHandler(2, 'Attempt to read property "EXM_ID" on array', 'APPPATH\\Views\\exames\\detail.php', 125)
 2 SYSTEMPATH\View\View.php(213): include('APPPATH\\Views\\exames\\detail.php')
 3 SYSTEMPATH\View\View.php(216): CodeIgniter\View\View->CodeIgniter\View\{closure}()
 4 SYSTEMPATH\Common.php(1137): CodeIgniter\View\View->render('/exames/detail.php', [], true)
 5 APPPATH\Controllers\ExamesController.php(19): view('/exames/detail.php')
 6 SYSTEMPATH\CodeIgniter.php(898): App\Controllers\ExamesController->visualizar()
 7 SYSTEMPATH\CodeIgniter.php(457): CodeIgniter\CodeIgniter->runController(Object(App\Controllers\ExamesController))
 8 SYSTEMPATH\CodeIgniter.php(340): CodeIgniter\CodeIgniter->handleRequest(null, Object(Config\Cache), false)
 9 FCPATH\index.php(67): CodeIgniter\CodeIgniter->run()
10 SYSTEMPATH\Commands\Server\rewrite.php(43): require_once('FCPATH\\index.php')
CRITICAL - 2022-10-02 17:02:10 --> Attempt to read property "EXM_ID" on array
in APPPATH\Views\exames\detail.php on line 130.
 1 APPPATH\Views\exames\detail.php(130): CodeIgniter\Debug\Exceptions->errorHandler(2, 'Attempt to read property "EXM_ID" on array', 'APPPATH\\Views\\exames\\detail.php', 130)
 2 SYSTEMPATH\View\View.php(213): include('APPPATH\\Views\\exames\\detail.php')
 3 SYSTEMPATH\View\View.php(216): CodeIgniter\View\View->CodeIgniter\View\{closure}()
 4 SYSTEMPATH\Common.php(1137): CodeIgniter\View\View->render('/exames/detail.php', [], true)
 5 APPPATH\Controllers\ExamesController.php(19): view('/exames/detail.php')
 6 SYSTEMPATH\CodeIgniter.php(898): App\Controllers\ExamesController->visualizar()
 7 SYSTEMPATH\CodeIgniter.php(457): CodeIgniter\CodeIgniter->runController(Object(App\Controllers\ExamesController))
 8 SYSTEMPATH\CodeIgniter.php(340): CodeIgniter\CodeIgniter->handleRequest(null, Object(Config\Cache), false)
 9 FCPATH\index.php(67): CodeIgniter\CodeIgniter->run()
10 SYSTEMPATH\Commands\Server\rewrite.php(43): require_once('FCPATH\\index.php')
CRITICAL - 2022-10-02 17:02:11 --> Attempt to read property "EXM_ID" on array
in APPPATH\Views\exames\detail.php on line 130.
 1 APPPATH\Views\exames\detail.php(130): CodeIgniter\Debug\Exceptions->errorHandler(2, 'Attempt to read property "EXM_ID" on array', 'APPPATH\\Views\\exames\\detail.php', 130)
 2 SYSTEMPATH\View\View.php(213): include('APPPATH\\Views\\exames\\detail.php')
 3 SYSTEMPATH\View\View.php(216): CodeIgniter\View\View->CodeIgniter\View\{closure}()
 4 SYSTEMPATH\Common.php(1137): CodeIgniter\View\View->render('/exames/detail.php', [], true)
 5 APPPATH\Controllers\ExamesController.php(19): view('/exames/detail.php')
 6 SYSTEMPATH\CodeIgniter.php(898): App\Controllers\ExamesController->visualizar()
 7 SYSTEMPATH\CodeIgniter.php(457): CodeIgniter\CodeIgniter->runController(Object(App\Controllers\ExamesController))
 8 SYSTEMPATH\CodeIgniter.php(340): CodeIgniter\CodeIgniter->handleRequest(null, Object(Config\Cache), false)
 9 FCPATH\index.php(67): CodeIgniter\CodeIgniter->run()
10 SYSTEMPATH\Commands\Server\rewrite.php(43): require_once('FCPATH\\index.php')
CRITICAL - 2022-10-02 17:04:37 --> Undefined variable $usuarioComumPaciente
in APPPATH\Views\exames\detail.php on line 135.
 1 APPPATH\Views\exames\detail.php(135): CodeIgniter\Debug\Exceptions->errorHandler(2, 'Undefined variable $usuarioComumPaciente', 'APPPATH\\Views\\exames\\detail.php', 135)
 2 SYSTEMPATH\View\View.php(213): include('APPPATH\\Views\\exames\\detail.php')
 3 SYSTEMPATH\View\View.php(216): CodeIgniter\View\View->CodeIgniter\View\{closure}()
 4 SYSTEMPATH\Common.php(1137): CodeIgniter\View\View->render('/exames/detail.php', [], true)
 5 APPPATH\Controllers\ExamesController.php(19): view('/exames/detail.php')
 6 SYSTEMPATH\CodeIgniter.php(898): App\Controllers\ExamesController->visualizar()
 7 SYSTEMPATH\CodeIgniter.php(457): CodeIgniter\CodeIgniter->runController(Object(App\Controllers\ExamesController))
 8 SYSTEMPATH\CodeIgniter.php(340): CodeIgniter\CodeIgniter->handleRequest(null, Object(Config\Cache), false)
 9 FCPATH\index.php(67): CodeIgniter\CodeIgniter->run()
10 SYSTEMPATH\Commands\Server\rewrite.php(43): require_once('FCPATH\\index.php')
CRITICAL - 2022-10-02 17:08:27 --> Undefined variable $exames
in APPPATH\Views\exames\detail.php on line 10.
 1 APPPATH\Views\exames\detail.php(10): CodeIgniter\Debug\Exceptions->errorHandler(2, 'Undefined variable $exames', 'APPPATH\\Views\\exames\\detail.php', 10)
 2 SYSTEMPATH\View\View.php(213): include('APPPATH\\Views\\exames\\detail.php')
 3 SYSTEMPATH\View\View.php(216): CodeIgniter\View\View->CodeIgniter\View\{closure}()
 4 SYSTEMPATH\Common.php(1137): CodeIgniter\View\View->render('/exames/detail.php', [], true)
 5 APPPATH\Controllers\ExamesController.php(19): view('/exames/detail.php')
 6 SYSTEMPATH\CodeIgniter.php(898): App\Controllers\ExamesController->visualizar()
 7 SYSTEMPATH\CodeIgniter.php(457): CodeIgniter\CodeIgniter->runController(Object(App\Controllers\ExamesController))
 8 SYSTEMPATH\CodeIgniter.php(340): CodeIgniter\CodeIgniter->handleRequest(null, Object(Config\Cache), false)
 9 FCPATH\index.php(67): CodeIgniter\CodeIgniter->run()
10 SYSTEMPATH\Commands\Server\rewrite.php(43): require_once('FCPATH\\index.php')
CRITICAL - 2022-10-02 17:09:20 --> Undefined variable $id
in APPPATH\Views\exames\detail.php on line 7.
 1 APPPATH\Views\exames\detail.php(7): CodeIgniter\Debug\Exceptions->errorHandler(2, 'Undefined variable $id', 'APPPATH\\Views\\exames\\detail.php', 7)
 2 SYSTEMPATH\View\View.php(213): include('APPPATH\\Views\\exames\\detail.php')
 3 SYSTEMPATH\View\View.php(216): CodeIgniter\View\View->CodeIgniter\View\{closure}()
 4 SYSTEMPATH\Common.php(1137): CodeIgniter\View\View->render('/exames/detail.php', [], true)
 5 APPPATH\Controllers\ExamesController.php(19): view('/exames/detail.php')
 6 SYSTEMPATH\CodeIgniter.php(898): App\Controllers\ExamesController->visualizar()
 7 SYSTEMPATH\CodeIgniter.php(457): CodeIgniter\CodeIgniter->runController(Object(App\Controllers\ExamesController))
 8 SYSTEMPATH\CodeIgniter.php(340): CodeIgniter\CodeIgniter->handleRequest(null, Object(Config\Cache), false)
 9 FCPATH\index.php(67): CodeIgniter\CodeIgniter->run()
10 SYSTEMPATH\Commands\Server\rewrite.php(43): require_once('FCPATH\\index.php')
CRITICAL - 2022-10-02 17:09:25 --> Attempt to read property "FK_PACIENTES_FK_USUARIO_COMUM_USC_ID" on array
in APPPATH\Views\exames\detail.php on line 11.
 1 APPPATH\Views\exames\detail.php(11): CodeIgniter\Debug\Exceptions->errorHandler(2, 'Attempt to read property "FK_PACIENTES_FK_USUARIO_COMUM_USC_ID" on array', 'APPPATH\\Views\\exames\\detail.php', 11)
 2 SYSTEMPATH\View\View.php(213): include('APPPATH\\Views\\exames\\detail.php')
 3 SYSTEMPATH\View\View.php(216): CodeIgniter\View\View->CodeIgniter\View\{closure}()
 4 SYSTEMPATH\Common.php(1137): CodeIgniter\View\View->render('/exames/detail.php', [], true)
 5 APPPATH\Controllers\ExamesController.php(19): view('/exames/detail.php')
 6 SYSTEMPATH\CodeIgniter.php(898): App\Controllers\ExamesController->visualizar()
 7 SYSTEMPATH\CodeIgniter.php(457): CodeIgniter\CodeIgniter->runController(Object(App\Controllers\ExamesController))
 8 SYSTEMPATH\CodeIgniter.php(340): CodeIgniter\CodeIgniter->handleRequest(null, Object(Config\Cache), false)
 9 FCPATH\index.php(67): CodeIgniter\CodeIgniter->run()
10 SYSTEMPATH\Commands\Server\rewrite.php(43): require_once('FCPATH\\index.php')
CRITICAL - 2022-10-02 17:12:31 --> Undefined variable $paciente
in APPPATH\Views\exames\detail.php on line 139.
 1 APPPATH\Views\exames\detail.php(139): CodeIgniter\Debug\Exceptions->errorHandler(2, 'Undefined variable $paciente', 'APPPATH\\Views\\exames\\detail.php', 139)
 2 SYSTEMPATH\View\View.php(213): include('APPPATH\\Views\\exames\\detail.php')
 3 SYSTEMPATH\View\View.php(216): CodeIgniter\View\View->CodeIgniter\View\{closure}()
 4 SYSTEMPATH\Common.php(1137): CodeIgniter\View\View->render('/exames/detail.php', [], true)
 5 APPPATH\Controllers\ExamesController.php(19): view('/exames/detail.php')
 6 SYSTEMPATH\CodeIgniter.php(898): App\Controllers\ExamesController->visualizar()
 7 SYSTEMPATH\CodeIgniter.php(457): CodeIgniter\CodeIgniter->runController(Object(App\Controllers\ExamesController))
 8 SYSTEMPATH\CodeIgniter.php(340): CodeIgniter\CodeIgniter->handleRequest(null, Object(Config\Cache), false)
 9 FCPATH\index.php(67): CodeIgniter\CodeIgniter->run()
10 SYSTEMPATH\Commands\Server\rewrite.php(43): require_once('FCPATH\\index.php')
CRITICAL - 2022-10-02 17:13:15 --> Attempt to read property "PAC_ID" on array
in APPPATH\Views\exames\detail.php on line 141.
 1 APPPATH\Views\exames\detail.php(141): CodeIgniter\Debug\Exceptions->errorHandler(2, 'Attempt to read property "PAC_ID" on array', 'APPPATH\\Views\\exames\\detail.php', 141)
 2 SYSTEMPATH\View\View.php(213): include('APPPATH\\Views\\exames\\detail.php')
 3 SYSTEMPATH\View\View.php(216): CodeIgniter\View\View->CodeIgniter\View\{closure}()
 4 SYSTEMPATH\Common.php(1137): CodeIgniter\View\View->render('/exames/detail.php', [], true)
 5 APPPATH\Controllers\ExamesController.php(19): view('/exames/detail.php')
 6 SYSTEMPATH\CodeIgniter.php(898): App\Controllers\ExamesController->visualizar()
 7 SYSTEMPATH\CodeIgniter.php(457): CodeIgniter\CodeIgniter->runController(Object(App\Controllers\ExamesController))
 8 SYSTEMPATH\CodeIgniter.php(340): CodeIgniter\CodeIgniter->handleRequest(null, Object(Config\Cache), false)
 9 FCPATH\index.php(67): CodeIgniter\CodeIgniter->run()
10 SYSTEMPATH\Commands\Server\rewrite.php(43): require_once('FCPATH\\index.php')
CRITICAL - 2022-10-02 17:16:54 --> Attempt to read property "PAC_ID" on array
in APPPATH\Views\exames\detail.php on line 143.
 1 APPPATH\Views\exames\detail.php(143): CodeIgniter\Debug\Exceptions->errorHandler(2, 'Attempt to read property "PAC_ID" on array', 'APPPATH\\Views\\exames\\detail.php', 143)
 2 SYSTEMPATH\View\View.php(213): include('APPPATH\\Views\\exames\\detail.php')
 3 SYSTEMPATH\View\View.php(216): CodeIgniter\View\View->CodeIgniter\View\{closure}()
 4 SYSTEMPATH\Common.php(1137): CodeIgniter\View\View->render('/exames/detail.php', [], true)
 5 APPPATH\Controllers\ExamesController.php(19): view('/exames/detail.php')
 6 SYSTEMPATH\CodeIgniter.php(898): App\Controllers\ExamesController->visualizar()
 7 SYSTEMPATH\CodeIgniter.php(457): CodeIgniter\CodeIgniter->runController(Object(App\Controllers\ExamesController))
 8 SYSTEMPATH\CodeIgniter.php(340): CodeIgniter\CodeIgniter->handleRequest(null, Object(Config\Cache), false)
 9 FCPATH\index.php(67): CodeIgniter\CodeIgniter->run()
10 SYSTEMPATH\Commands\Server\rewrite.php(43): require_once('FCPATH\\index.php')
CRITICAL - 2022-10-02 17:17:30 --> Attempt to read property "PAC_ID" on array
in APPPATH\Views\exames\detail.php on line 143.
 1 APPPATH\Views\exames\detail.php(143): CodeIgniter\Debug\Exceptions->errorHandler(2, 'Attempt to read property "PAC_ID" on array', 'APPPATH\\Views\\exames\\detail.php', 143)
 2 SYSTEMPATH\View\View.php(213): include('APPPATH\\Views\\exames\\detail.php')
 3 SYSTEMPATH\View\View.php(216): CodeIgniter\View\View->CodeIgniter\View\{closure}()
 4 SYSTEMPATH\Common.php(1137): CodeIgniter\View\View->render('/exames/detail.php', [], true)
 5 APPPATH\Controllers\ExamesController.php(19): view('/exames/detail.php')
 6 SYSTEMPATH\CodeIgniter.php(898): App\Controllers\ExamesController->visualizar()
 7 SYSTEMPATH\CodeIgniter.php(457): CodeIgniter\CodeIgniter->runController(Object(App\Controllers\ExamesController))
 8 SYSTEMPATH\CodeIgniter.php(340): CodeIgniter\CodeIgniter->handleRequest(null, Object(Config\Cache), false)
 9 FCPATH\index.php(67): CodeIgniter\CodeIgniter->run()
10 SYSTEMPATH\Commands\Server\rewrite.php(43): require_once('FCPATH\\index.php')
CRITICAL - 2022-10-02 17:18:00 --> Attempt to read property "PAC_EMAIL" on array
in APPPATH\Views\exames\detail.php on line 148.
 1 APPPATH\Views\exames\detail.php(148): CodeIgniter\Debug\Exceptions->errorHandler(2, 'Attempt to read property "PAC_EMAIL" on array', 'APPPATH\\Views\\exames\\detail.php', 148)
 2 SYSTEMPATH\View\View.php(213): include('APPPATH\\Views\\exames\\detail.php')
 3 SYSTEMPATH\View\View.php(216): CodeIgniter\View\View->CodeIgniter\View\{closure}()
 4 SYSTEMPATH\Common.php(1137): CodeIgniter\View\View->render('/exames/detail.php', [], true)
 5 APPPATH\Controllers\ExamesController.php(19): view('/exames/detail.php')
 6 SYSTEMPATH\CodeIgniter.php(898): App\Controllers\ExamesController->visualizar()
 7 SYSTEMPATH\CodeIgniter.php(457): CodeIgniter\CodeIgniter->runController(Object(App\Controllers\ExamesController))
 8 SYSTEMPATH\CodeIgniter.php(340): CodeIgniter\CodeIgniter->handleRequest(null, Object(Config\Cache), false)
 9 FCPATH\index.php(67): CodeIgniter\CodeIgniter->run()
10 SYSTEMPATH\Commands\Server\rewrite.php(43): require_once('FCPATH\\index.php')
CRITICAL - 2022-10-02 17:18:59 --> Attempt to read property "EXM_ID" on array
in APPPATH\Views\exames\detail.php on line 137.
 1 APPPATH\Views\exames\detail.php(137): CodeIgniter\Debug\Exceptions->errorHandler(2, 'Attempt to read property "EXM_ID" on array', 'APPPATH\\Views\\exames\\detail.php', 137)
 2 SYSTEMPATH\View\View.php(213): include('APPPATH\\Views\\exames\\detail.php')
 3 SYSTEMPATH\View\View.php(216): CodeIgniter\View\View->CodeIgniter\View\{closure}()
 4 SYSTEMPATH\Common.php(1137): CodeIgniter\View\View->render('/exames/detail.php', [], true)
 5 APPPATH\Controllers\ExamesController.php(19): view('/exames/detail.php')
 6 SYSTEMPATH\CodeIgniter.php(898): App\Controllers\ExamesController->visualizar()
 7 SYSTEMPATH\CodeIgniter.php(457): CodeIgniter\CodeIgniter->runController(Object(App\Controllers\ExamesController))
 8 SYSTEMPATH\CodeIgniter.php(340): CodeIgniter\CodeIgniter->handleRequest(null, Object(Config\Cache), false)
 9 FCPATH\index.php(67): CodeIgniter\CodeIgniter->run()
10 SYSTEMPATH\Commands\Server\rewrite.php(43): require_once('FCPATH\\index.php')
