CRITICAL - 2022-10-22 11:06:52 --> Class "App\Models\PagamentosMedicosModel" not found
in APPPATH\Views\pagamentos\detail_pagamentos_medico.php on line 32.
 1 SYSTEMPATH\View\View.php(213): include()
 2 SYSTEMPATH\View\View.php(216): CodeIgniter\View\View->CodeIgniter\View\{closure}()
 3 SYSTEMPATH\Common.php(1137): CodeIgniter\View\View->render('/pagamentos/detail_pagamentos_medico.php', [], true)
 4 APPPATH\Controllers\PagamentosController.php(37): view('/pagamentos/detail_pagamentos_medico.php', [...])
 5 SYSTEMPATH\CodeIgniter.php(898): App\Controllers\PagamentosController->historicoMedico('11')
 6 SYSTEMPATH\CodeIgniter.php(457): CodeIgniter\CodeIgniter->runController(Object(App\Controllers\PagamentosController))
 7 SYSTEMPATH\CodeIgniter.php(340): CodeIgniter\CodeIgniter->handleRequest(null, Object(Config\Cache), false)
 8 FCPATH\index.php(67): CodeIgniter\CodeIgniter->run()
 9 SYSTEMPATH\Commands\Server\rewrite.php(43): require_once('FCPATH\\index.php')
CRITICAL - 2022-10-22 11:07:53 --> Class "App\Models\PagamentosMedicosModel" not found
in APPPATH\Views\pagamentos\detail_pagamentos_medico.php on line 32.
 1 SYSTEMPATH\View\View.php(213): include()
 2 SYSTEMPATH\View\View.php(216): CodeIgniter\View\View->CodeIgniter\View\{closure}()
 3 SYSTEMPATH\Common.php(1137): CodeIgniter\View\View->render('/pagamentos/detail_pagamentos_medico.php', [], true)
 4 APPPATH\Controllers\PagamentosController.php(37): view('/pagamentos/detail_pagamentos_medico.php', [...])
 5 SYSTEMPATH\CodeIgniter.php(898): App\Controllers\PagamentosController->historicoMedico('11')
 6 SYSTEMPATH\CodeIgniter.php(457): CodeIgniter\CodeIgniter->runController(Object(App\Controllers\PagamentosController))
 7 SYSTEMPATH\CodeIgniter.php(340): CodeIgniter\CodeIgniter->handleRequest(null, Object(Config\Cache), false)
 8 FCPATH\index.php(67): CodeIgniter\CodeIgniter->run()
 9 SYSTEMPATH\Commands\Server\rewrite.php(43): require_once('FCPATH\\index.php')
CRITICAL - 2022-10-22 11:08:30 --> Undefined variable $usuarioComum
in APPPATH\Views\pagamentos\detail_pagamentos_medico.php on line 130.
 1 APPPATH\Views\pagamentos\detail_pagamentos_medico.php(130): CodeIgniter\Debug\Exceptions->errorHandler(2, 'Undefined variable $usuarioComum', 'APPPATH\\Views\\pagamentos\\detail_pagamentos_medico.php', 130)
 2 SYSTEMPATH\View\View.php(213): include('APPPATH\\Views\\pagamentos\\detail_pagamentos_medico.php')
 3 SYSTEMPATH\View\View.php(216): CodeIgniter\View\View->CodeIgniter\View\{closure}()
 4 SYSTEMPATH\Common.php(1137): CodeIgniter\View\View->render('/pagamentos/detail_pagamentos_medico.php', [], true)
 5 APPPATH\Controllers\PagamentosController.php(37): view('/pagamentos/detail_pagamentos_medico.php', [...])
 6 SYSTEMPATH\CodeIgniter.php(898): App\Controllers\PagamentosController->historicoMedico('11')
 7 SYSTEMPATH\CodeIgniter.php(457): CodeIgniter\CodeIgniter->runController(Object(App\Controllers\PagamentosController))
 8 SYSTEMPATH\CodeIgniter.php(340): CodeIgniter\CodeIgniter->handleRequest(null, Object(Config\Cache), false)
 9 FCPATH\index.php(67): CodeIgniter\CodeIgniter->run()
10 SYSTEMPATH\Commands\Server\rewrite.php(43): require_once('FCPATH\\index.php')
CRITICAL - 2022-10-22 11:36:39 --> Undefined variable $funcionarioModel
in APPPATH\Views\pagamentos\detail_pagamentos_medico.php on line 29.
 1 APPPATH\Views\pagamentos\detail_pagamentos_medico.php(29): CodeIgniter\Debug\Exceptions->errorHandler(2, 'Undefined variable $funcionarioModel', 'APPPATH\\Views\\pagamentos\\detail_pagamentos_medico.php', 29)
 2 SYSTEMPATH\View\View.php(213): include('APPPATH\\Views\\pagamentos\\detail_pagamentos_medico.php')
 3 SYSTEMPATH\View\View.php(216): CodeIgniter\View\View->CodeIgniter\View\{closure}()
 4 SYSTEMPATH\Common.php(1137): CodeIgniter\View\View->render('/pagamentos/detail_pagamentos_medico.php', [], true)
 5 APPPATH\Controllers\PagamentosController.php(37): view('/pagamentos/detail_pagamentos_medico.php', [...])
 6 SYSTEMPATH\CodeIgniter.php(898): App\Controllers\PagamentosController->historicoMedico('11')
 7 SYSTEMPATH\CodeIgniter.php(457): CodeIgniter\CodeIgniter->runController(Object(App\Controllers\PagamentosController))
 8 SYSTEMPATH\CodeIgniter.php(340): CodeIgniter\CodeIgniter->handleRequest(null, Object(Config\Cache), false)
 9 FCPATH\index.php(67): CodeIgniter\CodeIgniter->run()
10 SYSTEMPATH\Commands\Server\rewrite.php(43): require_once('FCPATH\\index.php')
CRITICAL - 2022-10-22 11:38:34 --> Attempt to read property "USC_NOME" on array
in APPPATH\Views\pagamentos\detail_pagamentos_medico.php on line 130.
 1 APPPATH\Views\pagamentos\detail_pagamentos_medico.php(130): CodeIgniter\Debug\Exceptions->errorHandler(2, 'Attempt to read property "USC_NOME" on array', 'APPPATH\\Views\\pagamentos\\detail_pagamentos_medico.php', 130)
 2 SYSTEMPATH\View\View.php(213): include('APPPATH\\Views\\pagamentos\\detail_pagamentos_medico.php')
 3 SYSTEMPATH\View\View.php(216): CodeIgniter\View\View->CodeIgniter\View\{closure}()
 4 SYSTEMPATH\Common.php(1137): CodeIgniter\View\View->render('/pagamentos/detail_pagamentos_medico.php', [], true)
 5 APPPATH\Controllers\PagamentosController.php(37): view('/pagamentos/detail_pagamentos_medico.php', [...])
 6 SYSTEMPATH\CodeIgniter.php(898): App\Controllers\PagamentosController->historicoMedico('11')
 7 SYSTEMPATH\CodeIgniter.php(457): CodeIgniter\CodeIgniter->runController(Object(App\Controllers\PagamentosController))
 8 SYSTEMPATH\CodeIgniter.php(340): CodeIgniter\CodeIgniter->handleRequest(null, Object(Config\Cache), false)
 9 FCPATH\index.php(67): CodeIgniter\CodeIgniter->run()
10 SYSTEMPATH\Commands\Server\rewrite.php(43): require_once('FCPATH\\index.php')
CRITICAL - 2022-10-22 11:40:14 --> Attempt to read property "MED_ID" on array
in APPPATH\Views\pagamentos\detail_pagamentos_medico.php on line 130.
 1 APPPATH\Views\pagamentos\detail_pagamentos_medico.php(130): CodeIgniter\Debug\Exceptions->errorHandler(2, 'Attempt to read property "MED_ID" on array', 'APPPATH\\Views\\pagamentos\\detail_pagamentos_medico.php', 130)
 2 SYSTEMPATH\View\View.php(213): include('APPPATH\\Views\\pagamentos\\detail_pagamentos_medico.php')
 3 SYSTEMPATH\View\View.php(216): CodeIgniter\View\View->CodeIgniter\View\{closure}()
 4 SYSTEMPATH\Common.php(1137): CodeIgniter\View\View->render('/pagamentos/detail_pagamentos_medico.php', [], true)
 5 APPPATH\Controllers\PagamentosController.php(37): view('/pagamentos/detail_pagamentos_medico.php', [...])
 6 SYSTEMPATH\CodeIgniter.php(898): App\Controllers\PagamentosController->historicoMedico('11')
 7 SYSTEMPATH\CodeIgniter.php(457): CodeIgniter\CodeIgniter->runController(Object(App\Controllers\PagamentosController))
 8 SYSTEMPATH\CodeIgniter.php(340): CodeIgniter\CodeIgniter->handleRequest(null, Object(Config\Cache), false)
 9 FCPATH\index.php(67): CodeIgniter\CodeIgniter->run()
10 SYSTEMPATH\Commands\Server\rewrite.php(43): require_once('FCPATH\\index.php')
CRITICAL - 2022-10-22 11:42:28 --> Class "Funcionarios" not found
in APPPATH\Views\pagamentos\detail_pagamentos_medico.php on line 26.
 1 SYSTEMPATH\View\View.php(213): include()
 2 SYSTEMPATH\View\View.php(216): CodeIgniter\View\View->CodeIgniter\View\{closure}()
 3 SYSTEMPATH\Common.php(1137): CodeIgniter\View\View->render('/pagamentos/detail_pagamentos_medico.php', [], true)
 4 APPPATH\Controllers\PagamentosController.php(37): view('/pagamentos/detail_pagamentos_medico.php', [...])
 5 SYSTEMPATH\CodeIgniter.php(898): App\Controllers\PagamentosController->historicoMedico('11')
 6 SYSTEMPATH\CodeIgniter.php(457): CodeIgniter\CodeIgniter->runController(Object(App\Controllers\PagamentosController))
 7 SYSTEMPATH\CodeIgniter.php(340): CodeIgniter\CodeIgniter->handleRequest(null, Object(Config\Cache), false)
 8 FCPATH\index.php(67): CodeIgniter\CodeIgniter->run()
 9 SYSTEMPATH\Commands\Server\rewrite.php(43): require_once('FCPATH\\index.php')
CRITICAL - 2022-10-22 11:43:12 --> Class "Funcionarios" not found
in APPPATH\Views\pagamentos\detail_pagamentos_medico.php on line 26.
 1 SYSTEMPATH\View\View.php(213): include()
 2 SYSTEMPATH\View\View.php(216): CodeIgniter\View\View->CodeIgniter\View\{closure}()
 3 SYSTEMPATH\Common.php(1137): CodeIgniter\View\View->render('/pagamentos/detail_pagamentos_medico.php', [], true)
 4 APPPATH\Controllers\PagamentosController.php(37): view('/pagamentos/detail_pagamentos_medico.php', [...])
 5 SYSTEMPATH\CodeIgniter.php(898): App\Controllers\PagamentosController->historicoMedico('11')
 6 SYSTEMPATH\CodeIgniter.php(457): CodeIgniter\CodeIgniter->runController(Object(App\Controllers\PagamentosController))
 7 SYSTEMPATH\CodeIgniter.php(340): CodeIgniter\CodeIgniter->handleRequest(null, Object(Config\Cache), false)
 8 FCPATH\index.php(67): CodeIgniter\CodeIgniter->run()
 9 SYSTEMPATH\Commands\Server\rewrite.php(43): require_once('FCPATH\\index.php')
CRITICAL - 2022-10-22 11:43:12 --> Class "Funcionarios" not found
in APPPATH\Views\pagamentos\detail_pagamentos_medico.php on line 26.
 1 SYSTEMPATH\View\View.php(213): include()
 2 SYSTEMPATH\View\View.php(216): CodeIgniter\View\View->CodeIgniter\View\{closure}()
 3 SYSTEMPATH\Common.php(1137): CodeIgniter\View\View->render('/pagamentos/detail_pagamentos_medico.php', [], true)
 4 APPPATH\Controllers\PagamentosController.php(37): view('/pagamentos/detail_pagamentos_medico.php', [...])
 5 SYSTEMPATH\CodeIgniter.php(898): App\Controllers\PagamentosController->historicoMedico('11')
 6 SYSTEMPATH\CodeIgniter.php(457): CodeIgniter\CodeIgniter->runController(Object(App\Controllers\PagamentosController))
 7 SYSTEMPATH\CodeIgniter.php(340): CodeIgniter\CodeIgniter->handleRequest(null, Object(Config\Cache), false)
 8 FCPATH\index.php(67): CodeIgniter\CodeIgniter->run()
 9 SYSTEMPATH\Commands\Server\rewrite.php(43): require_once('FCPATH\\index.php')
CRITICAL - 2022-10-22 11:43:35 --> Undefined variable $medico
in APPPATH\Views\pagamentos\detail_pagamentos_medico.php on line 130.
 1 APPPATH\Views\pagamentos\detail_pagamentos_medico.php(130): CodeIgniter\Debug\Exceptions->errorHandler(2, 'Undefined variable $medico', 'APPPATH\\Views\\pagamentos\\detail_pagamentos_medico.php', 130)
 2 SYSTEMPATH\View\View.php(213): include('APPPATH\\Views\\pagamentos\\detail_pagamentos_medico.php')
 3 SYSTEMPATH\View\View.php(216): CodeIgniter\View\View->CodeIgniter\View\{closure}()
 4 SYSTEMPATH\Common.php(1137): CodeIgniter\View\View->render('/pagamentos/detail_pagamentos_medico.php', [], true)
 5 APPPATH\Controllers\PagamentosController.php(37): view('/pagamentos/detail_pagamentos_medico.php', [...])
 6 SYSTEMPATH\CodeIgniter.php(898): App\Controllers\PagamentosController->historicoMedico('11')
 7 SYSTEMPATH\CodeIgniter.php(457): CodeIgniter\CodeIgniter->runController(Object(App\Controllers\PagamentosController))
 8 SYSTEMPATH\CodeIgniter.php(340): CodeIgniter\CodeIgniter->handleRequest(null, Object(Config\Cache), false)
 9 FCPATH\index.php(67): CodeIgniter\CodeIgniter->run()
10 SYSTEMPATH\Commands\Server\rewrite.php(43): require_once('FCPATH\\index.php')
CRITICAL - 2022-10-22 11:45:40 --> Undefined variable $pagamento
in APPPATH\Views\pagamentos\detail_pagamentos_medico.php on line 154.
 1 APPPATH\Views\pagamentos\detail_pagamentos_medico.php(154): CodeIgniter\Debug\Exceptions->errorHandler(2, 'Undefined variable $pagamento', 'APPPATH\\Views\\pagamentos\\detail_pagamentos_medico.php', 154)
 2 SYSTEMPATH\View\View.php(213): include('APPPATH\\Views\\pagamentos\\detail_pagamentos_medico.php')
 3 SYSTEMPATH\View\View.php(216): CodeIgniter\View\View->CodeIgniter\View\{closure}()
 4 SYSTEMPATH\Common.php(1137): CodeIgniter\View\View->render('/pagamentos/detail_pagamentos_medico.php', [], true)
 5 APPPATH\Controllers\PagamentosController.php(37): view('/pagamentos/detail_pagamentos_medico.php', [...])
 6 SYSTEMPATH\CodeIgniter.php(898): App\Controllers\PagamentosController->historicoMedico('1')
 7 SYSTEMPATH\CodeIgniter.php(457): CodeIgniter\CodeIgniter->runController(Object(App\Controllers\PagamentosController))
 8 SYSTEMPATH\CodeIgniter.php(340): CodeIgniter\CodeIgniter->handleRequest(null, Object(Config\Cache), false)
 9 FCPATH\index.php(67): CodeIgniter\CodeIgniter->run()
10 SYSTEMPATH\Commands\Server\rewrite.php(43): require_once('FCPATH\\index.php')
CRITICAL - 2022-10-22 11:47:22 --> Undefined property: stdClass::$FK_FUNCIONARIOS_FUN_ID
in APPPATH\Views\pagamentos\list_medicos.php on line 151.
 1 APPPATH\Views\pagamentos\list_medicos.php(151): CodeIgniter\Debug\Exceptions->errorHandler(2, 'Undefined property: stdClass::$FK_FUNCIONARIOS_FUN_ID', 'APPPATH\\Views\\pagamentos\\list_medicos.php', 151)
 2 SYSTEMPATH\View\View.php(213): include('APPPATH\\Views\\pagamentos\\list_medicos.php')
 3 SYSTEMPATH\View\View.php(216): CodeIgniter\View\View->CodeIgniter\View\{closure}()
 4 SYSTEMPATH\Common.php(1137): CodeIgniter\View\View->render('/pagamentos/list_medicos.php', [], true)
 5 APPPATH\Controllers\PagamentosController.php(31): view('/pagamentos/list_medicos.php')
 6 SYSTEMPATH\CodeIgniter.php(898): App\Controllers\PagamentosController->listarMedicos()
 7 SYSTEMPATH\CodeIgniter.php(457): CodeIgniter\CodeIgniter->runController(Object(App\Controllers\PagamentosController))
 8 SYSTEMPATH\CodeIgniter.php(340): CodeIgniter\CodeIgniter->handleRequest(null, Object(Config\Cache), false)
 9 FCPATH\index.php(67): CodeIgniter\CodeIgniter->run()
10 SYSTEMPATH\Commands\Server\rewrite.php(43): require_once('FCPATH\\index.php')
CRITICAL - 2022-10-22 11:48:05 --> Undefined property: stdClass::$FUN_ID
in APPPATH\Views\pagamentos\list_medicos.php on line 151.
 1 APPPATH\Views\pagamentos\list_medicos.php(151): CodeIgniter\Debug\Exceptions->errorHandler(2, 'Undefined property: stdClass::$FUN_ID', 'APPPATH\\Views\\pagamentos\\list_medicos.php', 151)
 2 SYSTEMPATH\View\View.php(213): include('APPPATH\\Views\\pagamentos\\list_medicos.php')
 3 SYSTEMPATH\View\View.php(216): CodeIgniter\View\View->CodeIgniter\View\{closure}()
 4 SYSTEMPATH\Common.php(1137): CodeIgniter\View\View->render('/pagamentos/list_medicos.php', [], true)
 5 APPPATH\Controllers\PagamentosController.php(31): view('/pagamentos/list_medicos.php')
 6 SYSTEMPATH\CodeIgniter.php(898): App\Controllers\PagamentosController->listarMedicos()
 7 SYSTEMPATH\CodeIgniter.php(457): CodeIgniter\CodeIgniter->runController(Object(App\Controllers\PagamentosController))
 8 SYSTEMPATH\CodeIgniter.php(340): CodeIgniter\CodeIgniter->handleRequest(null, Object(Config\Cache), false)
 9 FCPATH\index.php(67): CodeIgniter\CodeIgniter->run()
10 SYSTEMPATH\Commands\Server\rewrite.php(43): require_once('FCPATH\\index.php')
CRITICAL - 2022-10-22 11:48:09 --> Undefined property: stdClass::$FUN_ID
in APPPATH\Views\pagamentos\list_medicos.php on line 151.
 1 APPPATH\Views\pagamentos\list_medicos.php(151): CodeIgniter\Debug\Exceptions->errorHandler(2, 'Undefined property: stdClass::$FUN_ID', 'APPPATH\\Views\\pagamentos\\list_medicos.php', 151)
 2 SYSTEMPATH\View\View.php(213): include('APPPATH\\Views\\pagamentos\\list_medicos.php')
 3 SYSTEMPATH\View\View.php(216): CodeIgniter\View\View->CodeIgniter\View\{closure}()
 4 SYSTEMPATH\Common.php(1137): CodeIgniter\View\View->render('/pagamentos/list_medicos.php', [], true)
 5 APPPATH\Controllers\PagamentosController.php(31): view('/pagamentos/list_medicos.php')
 6 SYSTEMPATH\CodeIgniter.php(898): App\Controllers\PagamentosController->listarMedicos()
 7 SYSTEMPATH\CodeIgniter.php(457): CodeIgniter\CodeIgniter->runController(Object(App\Controllers\PagamentosController))
 8 SYSTEMPATH\CodeIgniter.php(340): CodeIgniter\CodeIgniter->handleRequest(null, Object(Config\Cache), false)
 9 FCPATH\index.php(67): CodeIgniter\CodeIgniter->run()
10 SYSTEMPATH\Commands\Server\rewrite.php(43): require_once('FCPATH\\index.php')
CRITICAL - 2022-10-22 11:48:10 --> Undefined property: stdClass::$FUN_ID
in APPPATH\Views\pagamentos\list_medicos.php on line 151.
 1 APPPATH\Views\pagamentos\list_medicos.php(151): CodeIgniter\Debug\Exceptions->errorHandler(2, 'Undefined property: stdClass::$FUN_ID', 'APPPATH\\Views\\pagamentos\\list_medicos.php', 151)
 2 SYSTEMPATH\View\View.php(213): include('APPPATH\\Views\\pagamentos\\list_medicos.php')
 3 SYSTEMPATH\View\View.php(216): CodeIgniter\View\View->CodeIgniter\View\{closure}()
 4 SYSTEMPATH\Common.php(1137): CodeIgniter\View\View->render('/pagamentos/list_medicos.php', [], true)
 5 APPPATH\Controllers\PagamentosController.php(31): view('/pagamentos/list_medicos.php')
 6 SYSTEMPATH\CodeIgniter.php(898): App\Controllers\PagamentosController->listarMedicos()
 7 SYSTEMPATH\CodeIgniter.php(457): CodeIgniter\CodeIgniter->runController(Object(App\Controllers\PagamentosController))
 8 SYSTEMPATH\CodeIgniter.php(340): CodeIgniter\CodeIgniter->handleRequest(null, Object(Config\Cache), false)
 9 FCPATH\index.php(67): CodeIgniter\CodeIgniter->run()
10 SYSTEMPATH\Commands\Server\rewrite.php(43): require_once('FCPATH\\index.php')
CRITICAL - 2022-10-22 11:48:10 --> Undefined property: stdClass::$FUN_ID
in APPPATH\Views\pagamentos\list_medicos.php on line 151.
 1 APPPATH\Views\pagamentos\list_medicos.php(151): CodeIgniter\Debug\Exceptions->errorHandler(2, 'Undefined property: stdClass::$FUN_ID', 'APPPATH\\Views\\pagamentos\\list_medicos.php', 151)
 2 SYSTEMPATH\View\View.php(213): include('APPPATH\\Views\\pagamentos\\list_medicos.php')
 3 SYSTEMPATH\View\View.php(216): CodeIgniter\View\View->CodeIgniter\View\{closure}()
 4 SYSTEMPATH\Common.php(1137): CodeIgniter\View\View->render('/pagamentos/list_medicos.php', [], true)
 5 APPPATH\Controllers\PagamentosController.php(31): view('/pagamentos/list_medicos.php')
 6 SYSTEMPATH\CodeIgniter.php(898): App\Controllers\PagamentosController->listarMedicos()
 7 SYSTEMPATH\CodeIgniter.php(457): CodeIgniter\CodeIgniter->runController(Object(App\Controllers\PagamentosController))
 8 SYSTEMPATH\CodeIgniter.php(340): CodeIgniter\CodeIgniter->handleRequest(null, Object(Config\Cache), false)
 9 FCPATH\index.php(67): CodeIgniter\CodeIgniter->run()
10 SYSTEMPATH\Commands\Server\rewrite.php(43): require_once('FCPATH\\index.php')
CRITICAL - 2022-10-22 11:48:11 --> Undefined property: stdClass::$FUN_ID
in APPPATH\Views\pagamentos\list_medicos.php on line 151.
 1 APPPATH\Views\pagamentos\list_medicos.php(151): CodeIgniter\Debug\Exceptions->errorHandler(2, 'Undefined property: stdClass::$FUN_ID', 'APPPATH\\Views\\pagamentos\\list_medicos.php', 151)
 2 SYSTEMPATH\View\View.php(213): include('APPPATH\\Views\\pagamentos\\list_medicos.php')
 3 SYSTEMPATH\View\View.php(216): CodeIgniter\View\View->CodeIgniter\View\{closure}()
 4 SYSTEMPATH\Common.php(1137): CodeIgniter\View\View->render('/pagamentos/list_medicos.php', [], true)
 5 APPPATH\Controllers\PagamentosController.php(31): view('/pagamentos/list_medicos.php')
 6 SYSTEMPATH\CodeIgniter.php(898): App\Controllers\PagamentosController->listarMedicos()
 7 SYSTEMPATH\CodeIgniter.php(457): CodeIgniter\CodeIgniter->runController(Object(App\Controllers\PagamentosController))
 8 SYSTEMPATH\CodeIgniter.php(340): CodeIgniter\CodeIgniter->handleRequest(null, Object(Config\Cache), false)
 9 FCPATH\index.php(67): CodeIgniter\CodeIgniter->run()
10 SYSTEMPATH\Commands\Server\rewrite.php(43): require_once('FCPATH\\index.php')
CRITICAL - 2022-10-22 11:57:01 --> Call to undefined method App\Entities\Medicos::getNomeMedicoPorId()
in APPPATH\Views\pagamentos\detail_pagamentos_medico.php on line 130.
 1 SYSTEMPATH\View\View.php(213): include()
 2 SYSTEMPATH\View\View.php(216): CodeIgniter\View\View->CodeIgniter\View\{closure}()
 3 SYSTEMPATH\Common.php(1137): CodeIgniter\View\View->render('/pagamentos/detail_pagamentos_medico.php', [], true)
 4 APPPATH\Controllers\PagamentosController.php(37): view('/pagamentos/detail_pagamentos_medico.php', [...])
 5 SYSTEMPATH\CodeIgniter.php(898): App\Controllers\PagamentosController->historicoMedico('1')
 6 SYSTEMPATH\CodeIgniter.php(457): CodeIgniter\CodeIgniter->runController(Object(App\Controllers\PagamentosController))
 7 SYSTEMPATH\CodeIgniter.php(340): CodeIgniter\CodeIgniter->handleRequest(null, Object(Config\Cache), false)
 8 FCPATH\index.php(67): CodeIgniter\CodeIgniter->run()
 9 SYSTEMPATH\Commands\Server\rewrite.php(43): require_once('FCPATH\\index.php')
CRITICAL - 2022-10-22 11:57:35 --> Call to undefined method App\Entities\Medicos::getNomeMedicoPorId()
in APPPATH\Views\pagamentos\detail_pagamentos_medico.php on line 130.
 1 SYSTEMPATH\View\View.php(213): include()
 2 SYSTEMPATH\View\View.php(216): CodeIgniter\View\View->CodeIgniter\View\{closure}()
 3 SYSTEMPATH\Common.php(1137): CodeIgniter\View\View->render('/pagamentos/detail_pagamentos_medico.php', [], true)
 4 APPPATH\Controllers\PagamentosController.php(37): view('/pagamentos/detail_pagamentos_medico.php', [...])
 5 SYSTEMPATH\CodeIgniter.php(898): App\Controllers\PagamentosController->historicoMedico('1')
 6 SYSTEMPATH\CodeIgniter.php(457): CodeIgniter\CodeIgniter->runController(Object(App\Controllers\PagamentosController))
 7 SYSTEMPATH\CodeIgniter.php(340): CodeIgniter\CodeIgniter->handleRequest(null, Object(Config\Cache), false)
 8 FCPATH\index.php(67): CodeIgniter\CodeIgniter->run()
 9 SYSTEMPATH\Commands\Server\rewrite.php(43): require_once('FCPATH\\index.php')
CRITICAL - 2022-10-22 11:57:36 --> Call to undefined method App\Entities\Medicos::getNomeMedicoPorId()
in APPPATH\Views\pagamentos\detail_pagamentos_medico.php on line 130.
 1 SYSTEMPATH\View\View.php(213): include()
 2 SYSTEMPATH\View\View.php(216): CodeIgniter\View\View->CodeIgniter\View\{closure}()
 3 SYSTEMPATH\Common.php(1137): CodeIgniter\View\View->render('/pagamentos/detail_pagamentos_medico.php', [], true)
 4 APPPATH\Controllers\PagamentosController.php(37): view('/pagamentos/detail_pagamentos_medico.php', [...])
 5 SYSTEMPATH\CodeIgniter.php(898): App\Controllers\PagamentosController->historicoMedico('1')
 6 SYSTEMPATH\CodeIgniter.php(457): CodeIgniter\CodeIgniter->runController(Object(App\Controllers\PagamentosController))
 7 SYSTEMPATH\CodeIgniter.php(340): CodeIgniter\CodeIgniter->handleRequest(null, Object(Config\Cache), false)
 8 FCPATH\index.php(67): CodeIgniter\CodeIgniter->run()
 9 SYSTEMPATH\Commands\Server\rewrite.php(43): require_once('FCPATH\\index.php')
CRITICAL - 2022-10-22 11:57:37 --> Call to undefined method App\Entities\Medicos::getNomeMedicoPorId()
in APPPATH\Views\pagamentos\detail_pagamentos_medico.php on line 130.
 1 SYSTEMPATH\View\View.php(213): include()
 2 SYSTEMPATH\View\View.php(216): CodeIgniter\View\View->CodeIgniter\View\{closure}()
 3 SYSTEMPATH\Common.php(1137): CodeIgniter\View\View->render('/pagamentos/detail_pagamentos_medico.php', [], true)
 4 APPPATH\Controllers\PagamentosController.php(37): view('/pagamentos/detail_pagamentos_medico.php', [...])
 5 SYSTEMPATH\CodeIgniter.php(898): App\Controllers\PagamentosController->historicoMedico('1')
 6 SYSTEMPATH\CodeIgniter.php(457): CodeIgniter\CodeIgniter->runController(Object(App\Controllers\PagamentosController))
 7 SYSTEMPATH\CodeIgniter.php(340): CodeIgniter\CodeIgniter->handleRequest(null, Object(Config\Cache), false)
 8 FCPATH\index.php(67): CodeIgniter\CodeIgniter->run()
 9 SYSTEMPATH\Commands\Server\rewrite.php(43): require_once('FCPATH\\index.php')
CRITICAL - 2022-10-22 11:57:37 --> Call to undefined method App\Entities\Medicos::getNomeMedicoPorId()
in APPPATH\Views\pagamentos\detail_pagamentos_medico.php on line 130.
 1 SYSTEMPATH\View\View.php(213): include()
 2 SYSTEMPATH\View\View.php(216): CodeIgniter\View\View->CodeIgniter\View\{closure}()
 3 SYSTEMPATH\Common.php(1137): CodeIgniter\View\View->render('/pagamentos/detail_pagamentos_medico.php', [], true)
 4 APPPATH\Controllers\PagamentosController.php(37): view('/pagamentos/detail_pagamentos_medico.php', [...])
 5 SYSTEMPATH\CodeIgniter.php(898): App\Controllers\PagamentosController->historicoMedico('1')
 6 SYSTEMPATH\CodeIgniter.php(457): CodeIgniter\CodeIgniter->runController(Object(App\Controllers\PagamentosController))
 7 SYSTEMPATH\CodeIgniter.php(340): CodeIgniter\CodeIgniter->handleRequest(null, Object(Config\Cache), false)
 8 FCPATH\index.php(67): CodeIgniter\CodeIgniter->run()
 9 SYSTEMPATH\Commands\Server\rewrite.php(43): require_once('FCPATH\\index.php')
CRITICAL - 2022-10-22 11:57:52 --> Call to undefined method App\Entities\Medicos::getNomeMedicoPorId()
in APPPATH\Views\pagamentos\detail_pagamentos_medico.php on line 130.
 1 SYSTEMPATH\View\View.php(213): include()
 2 SYSTEMPATH\View\View.php(216): CodeIgniter\View\View->CodeIgniter\View\{closure}()
 3 SYSTEMPATH\Common.php(1137): CodeIgniter\View\View->render('/pagamentos/detail_pagamentos_medico.php', [], true)
 4 APPPATH\Controllers\PagamentosController.php(37): view('/pagamentos/detail_pagamentos_medico.php', [...])
 5 SYSTEMPATH\CodeIgniter.php(898): App\Controllers\PagamentosController->historicoMedico('1')
 6 SYSTEMPATH\CodeIgniter.php(457): CodeIgniter\CodeIgniter->runController(Object(App\Controllers\PagamentosController))
 7 SYSTEMPATH\CodeIgniter.php(340): CodeIgniter\CodeIgniter->handleRequest(null, Object(Config\Cache), false)
 8 FCPATH\index.php(67): CodeIgniter\CodeIgniter->run()
 9 SYSTEMPATH\Commands\Server\rewrite.php(43): require_once('FCPATH\\index.php')
CRITICAL - 2022-10-22 11:57:53 --> Call to undefined method App\Entities\Medicos::getNomeMedicoPorId()
in APPPATH\Views\pagamentos\detail_pagamentos_medico.php on line 130.
 1 SYSTEMPATH\View\View.php(213): include()
 2 SYSTEMPATH\View\View.php(216): CodeIgniter\View\View->CodeIgniter\View\{closure}()
 3 SYSTEMPATH\Common.php(1137): CodeIgniter\View\View->render('/pagamentos/detail_pagamentos_medico.php', [], true)
 4 APPPATH\Controllers\PagamentosController.php(37): view('/pagamentos/detail_pagamentos_medico.php', [...])
 5 SYSTEMPATH\CodeIgniter.php(898): App\Controllers\PagamentosController->historicoMedico('1')
 6 SYSTEMPATH\CodeIgniter.php(457): CodeIgniter\CodeIgniter->runController(Object(App\Controllers\PagamentosController))
 7 SYSTEMPATH\CodeIgniter.php(340): CodeIgniter\CodeIgniter->handleRequest(null, Object(Config\Cache), false)
 8 FCPATH\index.php(67): CodeIgniter\CodeIgniter->run()
 9 SYSTEMPATH\Commands\Server\rewrite.php(43): require_once('FCPATH\\index.php')
CRITICAL - 2022-10-22 11:58:45 --> Attempt to read property "USC_NOME" on array
in APPPATH\Views\pagamentos\detail_pagamentos_medico.php on line 130.
 1 APPPATH\Views\pagamentos\detail_pagamentos_medico.php(130): CodeIgniter\Debug\Exceptions->errorHandler(2, 'Attempt to read property "USC_NOME" on array', 'APPPATH\\Views\\pagamentos\\detail_pagamentos_medico.php', 130)
 2 SYSTEMPATH\View\View.php(213): include('APPPATH\\Views\\pagamentos\\detail_pagamentos_medico.php')
 3 SYSTEMPATH\View\View.php(216): CodeIgniter\View\View->CodeIgniter\View\{closure}()
 4 SYSTEMPATH\Common.php(1137): CodeIgniter\View\View->render('/pagamentos/detail_pagamentos_medico.php', [], true)
 5 APPPATH\Controllers\PagamentosController.php(37): view('/pagamentos/detail_pagamentos_medico.php', [...])
 6 SYSTEMPATH\CodeIgniter.php(898): App\Controllers\PagamentosController->historicoMedico('1')
 7 SYSTEMPATH\CodeIgniter.php(457): CodeIgniter\CodeIgniter->runController(Object(App\Controllers\PagamentosController))
 8 SYSTEMPATH\CodeIgniter.php(340): CodeIgniter\CodeIgniter->handleRequest(null, Object(Config\Cache), false)
 9 FCPATH\index.php(67): CodeIgniter\CodeIgniter->run()
10 SYSTEMPATH\Commands\Server\rewrite.php(43): require_once('FCPATH\\index.php')
CRITICAL - 2022-10-22 11:59:39 --> Object of class App\Entities\Medicos could not be converted to string
in APPPATH\Views\pagamentos\detail_pagamentos_medico.php on line 130.
 1 SYSTEMPATH\View\View.php(213): include()
 2 SYSTEMPATH\View\View.php(216): CodeIgniter\View\View->CodeIgniter\View\{closure}()
 3 SYSTEMPATH\Common.php(1137): CodeIgniter\View\View->render('/pagamentos/detail_pagamentos_medico.php', [], true)
 4 APPPATH\Controllers\PagamentosController.php(37): view('/pagamentos/detail_pagamentos_medico.php', [...])
 5 SYSTEMPATH\CodeIgniter.php(898): App\Controllers\PagamentosController->historicoMedico('1')
 6 SYSTEMPATH\CodeIgniter.php(457): CodeIgniter\CodeIgniter->runController(Object(App\Controllers\PagamentosController))
 7 SYSTEMPATH\CodeIgniter.php(340): CodeIgniter\CodeIgniter->handleRequest(null, Object(Config\Cache), false)
 8 FCPATH\index.php(67): CodeIgniter\CodeIgniter->run()
 9 SYSTEMPATH\Commands\Server\rewrite.php(43): require_once('FCPATH\\index.php')
CRITICAL - 2022-10-22 12:01:59 --> Undefined variable $medico
in APPPATH\Views\pagamentos\detail_pagamentos_medico.php on line 130.
 1 APPPATH\Views\pagamentos\detail_pagamentos_medico.php(130): CodeIgniter\Debug\Exceptions->errorHandler(2, 'Undefined variable $medico', 'APPPATH\\Views\\pagamentos\\detail_pagamentos_medico.php', 130)
 2 SYSTEMPATH\View\View.php(213): include('APPPATH\\Views\\pagamentos\\detail_pagamentos_medico.php')
 3 SYSTEMPATH\View\View.php(216): CodeIgniter\View\View->CodeIgniter\View\{closure}()
 4 SYSTEMPATH\Common.php(1137): CodeIgniter\View\View->render('/pagamentos/detail_pagamentos_medico.php', [], true)
 5 APPPATH\Controllers\PagamentosController.php(37): view('/pagamentos/detail_pagamentos_medico.php', [...])
 6 SYSTEMPATH\CodeIgniter.php(898): App\Controllers\PagamentosController->historicoMedico('1')
 7 SYSTEMPATH\CodeIgniter.php(457): CodeIgniter\CodeIgniter->runController(Object(App\Controllers\PagamentosController))
 8 SYSTEMPATH\CodeIgniter.php(340): CodeIgniter\CodeIgniter->handleRequest(null, Object(Config\Cache), false)
 9 FCPATH\index.php(67): CodeIgniter\CodeIgniter->run()
10 SYSTEMPATH\Commands\Server\rewrite.php(43): require_once('FCPATH\\index.php')
CRITICAL - 2022-10-22 12:03:27 --> Undefined property: stdClass::$FUN_ID
in APPPATH\Views\pagamentos\list_medicos.php on line 151.
 1 APPPATH\Views\pagamentos\list_medicos.php(151): CodeIgniter\Debug\Exceptions->errorHandler(2, 'Undefined property: stdClass::$FUN_ID', 'APPPATH\\Views\\pagamentos\\list_medicos.php', 151)
 2 SYSTEMPATH\View\View.php(213): include('APPPATH\\Views\\pagamentos\\list_medicos.php')
 3 SYSTEMPATH\View\View.php(216): CodeIgniter\View\View->CodeIgniter\View\{closure}()
 4 SYSTEMPATH\Common.php(1137): CodeIgniter\View\View->render('/pagamentos/list_medicos.php', [], true)
 5 APPPATH\Controllers\PagamentosController.php(31): view('/pagamentos/list_medicos.php')
 6 SYSTEMPATH\CodeIgniter.php(898): App\Controllers\PagamentosController->listarMedicos()
 7 SYSTEMPATH\CodeIgniter.php(457): CodeIgniter\CodeIgniter->runController(Object(App\Controllers\PagamentosController))
 8 SYSTEMPATH\CodeIgniter.php(340): CodeIgniter\CodeIgniter->handleRequest(null, Object(Config\Cache), false)
 9 FCPATH\index.php(67): CodeIgniter\CodeIgniter->run()
10 SYSTEMPATH\Commands\Server\rewrite.php(43): require_once('FCPATH\\index.php')
CRITICAL - 2022-10-22 12:05:02 --> Undefined property: stdClass::$FK_FUNCIONARIOS_FUN_ID
in APPPATH\Views\pagamentos\list_medicos.php on line 151.
 1 APPPATH\Views\pagamentos\list_medicos.php(151): CodeIgniter\Debug\Exceptions->errorHandler(2, 'Undefined property: stdClass::$FK_FUNCIONARIOS_FUN_ID', 'APPPATH\\Views\\pagamentos\\list_medicos.php', 151)
 2 SYSTEMPATH\View\View.php(213): include('APPPATH\\Views\\pagamentos\\list_medicos.php')
 3 SYSTEMPATH\View\View.php(216): CodeIgniter\View\View->CodeIgniter\View\{closure}()
 4 SYSTEMPATH\Common.php(1137): CodeIgniter\View\View->render('/pagamentos/list_medicos.php', [], true)
 5 APPPATH\Controllers\PagamentosController.php(31): view('/pagamentos/list_medicos.php')
 6 SYSTEMPATH\CodeIgniter.php(898): App\Controllers\PagamentosController->listarMedicos()
 7 SYSTEMPATH\CodeIgniter.php(457): CodeIgniter\CodeIgniter->runController(Object(App\Controllers\PagamentosController))
 8 SYSTEMPATH\CodeIgniter.php(340): CodeIgniter\CodeIgniter->handleRequest(null, Object(Config\Cache), false)
 9 FCPATH\index.php(67): CodeIgniter\CodeIgniter->run()
10 SYSTEMPATH\Commands\Server\rewrite.php(43): require_once('FCPATH\\index.php')
CRITICAL - 2022-10-22 12:05:03 --> Undefined property: stdClass::$FK_FUNCIONARIOS_FUN_ID
in APPPATH\Views\pagamentos\list_medicos.php on line 151.
 1 APPPATH\Views\pagamentos\list_medicos.php(151): CodeIgniter\Debug\Exceptions->errorHandler(2, 'Undefined property: stdClass::$FK_FUNCIONARIOS_FUN_ID', 'APPPATH\\Views\\pagamentos\\list_medicos.php', 151)
 2 SYSTEMPATH\View\View.php(213): include('APPPATH\\Views\\pagamentos\\list_medicos.php')
 3 SYSTEMPATH\View\View.php(216): CodeIgniter\View\View->CodeIgniter\View\{closure}()
 4 SYSTEMPATH\Common.php(1137): CodeIgniter\View\View->render('/pagamentos/list_medicos.php', [], true)
 5 APPPATH\Controllers\PagamentosController.php(31): view('/pagamentos/list_medicos.php')
 6 SYSTEMPATH\CodeIgniter.php(898): App\Controllers\PagamentosController->listarMedicos()
 7 SYSTEMPATH\CodeIgniter.php(457): CodeIgniter\CodeIgniter->runController(Object(App\Controllers\PagamentosController))
 8 SYSTEMPATH\CodeIgniter.php(340): CodeIgniter\CodeIgniter->handleRequest(null, Object(Config\Cache), false)
 9 FCPATH\index.php(67): CodeIgniter\CodeIgniter->run()
10 SYSTEMPATH\Commands\Server\rewrite.php(43): require_once('FCPATH\\index.php')
CRITICAL - 2022-10-22 12:05:04 --> Undefined property: stdClass::$FK_FUNCIONARIOS_FUN_ID
in APPPATH\Views\pagamentos\list_medicos.php on line 151.
 1 APPPATH\Views\pagamentos\list_medicos.php(151): CodeIgniter\Debug\Exceptions->errorHandler(2, 'Undefined property: stdClass::$FK_FUNCIONARIOS_FUN_ID', 'APPPATH\\Views\\pagamentos\\list_medicos.php', 151)
 2 SYSTEMPATH\View\View.php(213): include('APPPATH\\Views\\pagamentos\\list_medicos.php')
 3 SYSTEMPATH\View\View.php(216): CodeIgniter\View\View->CodeIgniter\View\{closure}()
 4 SYSTEMPATH\Common.php(1137): CodeIgniter\View\View->render('/pagamentos/list_medicos.php', [], true)
 5 APPPATH\Controllers\PagamentosController.php(31): view('/pagamentos/list_medicos.php')
 6 SYSTEMPATH\CodeIgniter.php(898): App\Controllers\PagamentosController->listarMedicos()
 7 SYSTEMPATH\CodeIgniter.php(457): CodeIgniter\CodeIgniter->runController(Object(App\Controllers\PagamentosController))
 8 SYSTEMPATH\CodeIgniter.php(340): CodeIgniter\CodeIgniter->handleRequest(null, Object(Config\Cache), false)
 9 FCPATH\index.php(67): CodeIgniter\CodeIgniter->run()
10 SYSTEMPATH\Commands\Server\rewrite.php(43): require_once('FCPATH\\index.php')
CRITICAL - 2022-10-22 12:15:20 --> Call to undefined method App\Entities\Funcionarios::find()
in APPPATH\Views\pagamentos\detail_pagamentos_medico.php on line 29.
 1 SYSTEMPATH\View\View.php(213): include()
 2 SYSTEMPATH\View\View.php(216): CodeIgniter\View\View->CodeIgniter\View\{closure}()
 3 SYSTEMPATH\Common.php(1137): CodeIgniter\View\View->render('/pagamentos/detail_pagamentos_medico.php', [], true)
 4 APPPATH\Controllers\PagamentosController.php(37): view('/pagamentos/detail_pagamentos_medico.php', [...])
 5 SYSTEMPATH\CodeIgniter.php(898): App\Controllers\PagamentosController->historicoMedico('1')
 6 SYSTEMPATH\CodeIgniter.php(457): CodeIgniter\CodeIgniter->runController(Object(App\Controllers\PagamentosController))
 7 SYSTEMPATH\CodeIgniter.php(340): CodeIgniter\CodeIgniter->handleRequest(null, Object(Config\Cache), false)
 8 FCPATH\index.php(67): CodeIgniter\CodeIgniter->run()
 9 SYSTEMPATH\Commands\Server\rewrite.php(43): require_once('FCPATH\\index.php')
CRITICAL - 2022-10-22 12:16:30 --> Call to undefined method App\Entities\Funcionarios::findAllFuncionarios()
in APPPATH\Views\pagamentos\detail_pagamentos_medico.php on line 29.
 1 SYSTEMPATH\View\View.php(213): include()
 2 SYSTEMPATH\View\View.php(216): CodeIgniter\View\View->CodeIgniter\View\{closure}()
 3 SYSTEMPATH\Common.php(1137): CodeIgniter\View\View->render('/pagamentos/detail_pagamentos_medico.php', [], true)
 4 APPPATH\Controllers\PagamentosController.php(37): view('/pagamentos/detail_pagamentos_medico.php', [...])
 5 SYSTEMPATH\CodeIgniter.php(898): App\Controllers\PagamentosController->historicoMedico('1')
 6 SYSTEMPATH\CodeIgniter.php(457): CodeIgniter\CodeIgniter->runController(Object(App\Controllers\PagamentosController))
 7 SYSTEMPATH\CodeIgniter.php(340): CodeIgniter\CodeIgniter->handleRequest(null, Object(Config\Cache), false)
 8 FCPATH\index.php(67): CodeIgniter\CodeIgniter->run()
 9 SYSTEMPATH\Commands\Server\rewrite.php(43): require_once('FCPATH\\index.php')
CRITICAL - 2022-10-22 12:16:54 --> Call to undefined function findAllFuncionarios()
in APPPATH\Views\pagamentos\detail_pagamentos_medico.php on line 29.
 1 SYSTEMPATH\View\View.php(213): include()
 2 SYSTEMPATH\View\View.php(216): CodeIgniter\View\View->CodeIgniter\View\{closure}()
 3 SYSTEMPATH\Common.php(1137): CodeIgniter\View\View->render('/pagamentos/detail_pagamentos_medico.php', [], true)
 4 APPPATH\Controllers\PagamentosController.php(37): view('/pagamentos/detail_pagamentos_medico.php', [...])
 5 SYSTEMPATH\CodeIgniter.php(898): App\Controllers\PagamentosController->historicoMedico('1')
 6 SYSTEMPATH\CodeIgniter.php(457): CodeIgniter\CodeIgniter->runController(Object(App\Controllers\PagamentosController))
 7 SYSTEMPATH\CodeIgniter.php(340): CodeIgniter\CodeIgniter->handleRequest(null, Object(Config\Cache), false)
 8 FCPATH\index.php(67): CodeIgniter\CodeIgniter->run()
 9 SYSTEMPATH\Commands\Server\rewrite.php(43): require_once('FCPATH\\index.php')
CRITICAL - 2022-10-22 12:18:29 --> Object of class CodeIgniter\View\View could not be converted to string
in APPPATH\Views\pagamentos\detail_pagamentos_medico.php on line 29.
 1 SYSTEMPATH\View\View.php(213): include()
 2 SYSTEMPATH\View\View.php(216): CodeIgniter\View\View->CodeIgniter\View\{closure}()
 3 SYSTEMPATH\Common.php(1137): CodeIgniter\View\View->render('/pagamentos/detail_pagamentos_medico.php', [], true)
 4 APPPATH\Controllers\PagamentosController.php(37): view('/pagamentos/detail_pagamentos_medico.php', [...])
 5 SYSTEMPATH\CodeIgniter.php(898): App\Controllers\PagamentosController->historicoMedico('1')
 6 SYSTEMPATH\CodeIgniter.php(457): CodeIgniter\CodeIgniter->runController(Object(App\Controllers\PagamentosController))
 7 SYSTEMPATH\CodeIgniter.php(340): CodeIgniter\CodeIgniter->handleRequest(null, Object(Config\Cache), false)
 8 FCPATH\index.php(67): CodeIgniter\CodeIgniter->run()
 9 SYSTEMPATH\Commands\Server\rewrite.php(43): require_once('FCPATH\\index.php')
CRITICAL - 2022-10-22 12:19:08 --> Call to undefined method CodeIgniter\View\View::findAllFuncionarios()
in APPPATH\Views\pagamentos\detail_pagamentos_medico.php on line 29.
 1 SYSTEMPATH\View\View.php(213): include()
 2 SYSTEMPATH\View\View.php(216): CodeIgniter\View\View->CodeIgniter\View\{closure}()
 3 SYSTEMPATH\Common.php(1137): CodeIgniter\View\View->render('/pagamentos/detail_pagamentos_medico.php', [], true)
 4 APPPATH\Controllers\PagamentosController.php(37): view('/pagamentos/detail_pagamentos_medico.php', [...])
 5 SYSTEMPATH\CodeIgniter.php(898): App\Controllers\PagamentosController->historicoMedico('1')
 6 SYSTEMPATH\CodeIgniter.php(457): CodeIgniter\CodeIgniter->runController(Object(App\Controllers\PagamentosController))
 7 SYSTEMPATH\CodeIgniter.php(340): CodeIgniter\CodeIgniter->handleRequest(null, Object(Config\Cache), false)
 8 FCPATH\index.php(67): CodeIgniter\CodeIgniter->run()
 9 SYSTEMPATH\Commands\Server\rewrite.php(43): require_once('FCPATH\\index.php')
CRITICAL - 2022-10-22 12:19:28 --> Call to undefined method App\Entities\Funcionarios::findAllFuncionarios()
in APPPATH\Views\pagamentos\detail_pagamentos_medico.php on line 29.
 1 SYSTEMPATH\View\View.php(213): include()
 2 SYSTEMPATH\View\View.php(216): CodeIgniter\View\View->CodeIgniter\View\{closure}()
 3 SYSTEMPATH\Common.php(1137): CodeIgniter\View\View->render('/pagamentos/detail_pagamentos_medico.php', [], true)
 4 APPPATH\Controllers\PagamentosController.php(37): view('/pagamentos/detail_pagamentos_medico.php', [...])
 5 SYSTEMPATH\CodeIgniter.php(898): App\Controllers\PagamentosController->historicoMedico('1')
 6 SYSTEMPATH\CodeIgniter.php(457): CodeIgniter\CodeIgniter->runController(Object(App\Controllers\PagamentosController))
 7 SYSTEMPATH\CodeIgniter.php(340): CodeIgniter\CodeIgniter->handleRequest(null, Object(Config\Cache), false)
 8 FCPATH\index.php(67): CodeIgniter\CodeIgniter->run()
 9 SYSTEMPATH\Commands\Server\rewrite.php(43): require_once('FCPATH\\index.php')
CRITICAL - 2022-10-22 12:19:59 --> Call to undefined method CodeIgniter\View\View::findAllFuncionarios()
in APPPATH\Views\pagamentos\detail_pagamentos_medico.php on line 29.
 1 SYSTEMPATH\View\View.php(213): include()
 2 SYSTEMPATH\View\View.php(216): CodeIgniter\View\View->CodeIgniter\View\{closure}()
 3 SYSTEMPATH\Common.php(1137): CodeIgniter\View\View->render('/pagamentos/detail_pagamentos_medico.php', [], true)
 4 APPPATH\Controllers\PagamentosController.php(37): view('/pagamentos/detail_pagamentos_medico.php', [...])
 5 SYSTEMPATH\CodeIgniter.php(898): App\Controllers\PagamentosController->historicoMedico('1')
 6 SYSTEMPATH\CodeIgniter.php(457): CodeIgniter\CodeIgniter->runController(Object(App\Controllers\PagamentosController))
 7 SYSTEMPATH\CodeIgniter.php(340): CodeIgniter\CodeIgniter->handleRequest(null, Object(Config\Cache), false)
 8 FCPATH\index.php(67): CodeIgniter\CodeIgniter->run()
 9 SYSTEMPATH\Commands\Server\rewrite.php(43): require_once('FCPATH\\index.php')
CRITICAL - 2022-10-22 12:20:00 --> Call to undefined method CodeIgniter\View\View::findAllFuncionarios()
in APPPATH\Views\pagamentos\detail_pagamentos_medico.php on line 29.
 1 SYSTEMPATH\View\View.php(213): include()
 2 SYSTEMPATH\View\View.php(216): CodeIgniter\View\View->CodeIgniter\View\{closure}()
 3 SYSTEMPATH\Common.php(1137): CodeIgniter\View\View->render('/pagamentos/detail_pagamentos_medico.php', [], true)
 4 APPPATH\Controllers\PagamentosController.php(37): view('/pagamentos/detail_pagamentos_medico.php', [...])
 5 SYSTEMPATH\CodeIgniter.php(898): App\Controllers\PagamentosController->historicoMedico('1')
 6 SYSTEMPATH\CodeIgniter.php(457): CodeIgniter\CodeIgniter->runController(Object(App\Controllers\PagamentosController))
 7 SYSTEMPATH\CodeIgniter.php(340): CodeIgniter\CodeIgniter->handleRequest(null, Object(Config\Cache), false)
 8 FCPATH\index.php(67): CodeIgniter\CodeIgniter->run()
 9 SYSTEMPATH\Commands\Server\rewrite.php(43): require_once('FCPATH\\index.php')
CRITICAL - 2022-10-22 12:20:12 --> Undefined constant "this"
in APPPATH\Views\pagamentos\detail_pagamentos_medico.php on line 29.
 1 SYSTEMPATH\View\View.php(213): include()
 2 SYSTEMPATH\View\View.php(216): CodeIgniter\View\View->CodeIgniter\View\{closure}()
 3 SYSTEMPATH\Common.php(1137): CodeIgniter\View\View->render('/pagamentos/detail_pagamentos_medico.php', [], true)
 4 APPPATH\Controllers\PagamentosController.php(37): view('/pagamentos/detail_pagamentos_medico.php', [...])
 5 SYSTEMPATH\CodeIgniter.php(898): App\Controllers\PagamentosController->historicoMedico('1')
 6 SYSTEMPATH\CodeIgniter.php(457): CodeIgniter\CodeIgniter->runController(Object(App\Controllers\PagamentosController))
 7 SYSTEMPATH\CodeIgniter.php(340): CodeIgniter\CodeIgniter->handleRequest(null, Object(Config\Cache), false)
 8 FCPATH\index.php(67): CodeIgniter\CodeIgniter->run()
 9 SYSTEMPATH\Commands\Server\rewrite.php(43): require_once('FCPATH\\index.php')
CRITICAL - 2022-10-22 12:20:24 --> Object of class CodeIgniter\View\View could not be converted to string
in APPPATH\Views\pagamentos\detail_pagamentos_medico.php on line 29.
 1 SYSTEMPATH\View\View.php(213): include()
 2 SYSTEMPATH\View\View.php(216): CodeIgniter\View\View->CodeIgniter\View\{closure}()
 3 SYSTEMPATH\Common.php(1137): CodeIgniter\View\View->render('/pagamentos/detail_pagamentos_medico.php', [], true)
 4 APPPATH\Controllers\PagamentosController.php(37): view('/pagamentos/detail_pagamentos_medico.php', [...])
 5 SYSTEMPATH\CodeIgniter.php(898): App\Controllers\PagamentosController->historicoMedico('1')
 6 SYSTEMPATH\CodeIgniter.php(457): CodeIgniter\CodeIgniter->runController(Object(App\Controllers\PagamentosController))
 7 SYSTEMPATH\CodeIgniter.php(340): CodeIgniter\CodeIgniter->handleRequest(null, Object(Config\Cache), false)
 8 FCPATH\index.php(67): CodeIgniter\CodeIgniter->run()
 9 SYSTEMPATH\Commands\Server\rewrite.php(43): require_once('FCPATH\\index.php')
CRITICAL - 2022-10-22 12:21:25 --> Call to undefined method App\Entities\Funcionarios::findAllFuncionarios()
in APPPATH\Views\pagamentos\detail_pagamentos_medico.php on line 29.
 1 SYSTEMPATH\View\View.php(213): include()
 2 SYSTEMPATH\View\View.php(216): CodeIgniter\View\View->CodeIgniter\View\{closure}()
 3 SYSTEMPATH\Common.php(1137): CodeIgniter\View\View->render('/pagamentos/detail_pagamentos_medico.php', [], true)
 4 APPPATH\Controllers\PagamentosController.php(37): view('/pagamentos/detail_pagamentos_medico.php', [...])
 5 SYSTEMPATH\CodeIgniter.php(898): App\Controllers\PagamentosController->historicoMedico('1')
 6 SYSTEMPATH\CodeIgniter.php(457): CodeIgniter\CodeIgniter->runController(Object(App\Controllers\PagamentosController))
 7 SYSTEMPATH\CodeIgniter.php(340): CodeIgniter\CodeIgniter->handleRequest(null, Object(Config\Cache), false)
 8 FCPATH\index.php(67): CodeIgniter\CodeIgniter->run()
 9 SYSTEMPATH\Commands\Server\rewrite.php(43): require_once('FCPATH\\index.php')
CRITICAL - 2022-10-22 12:21:26 --> Call to undefined method App\Entities\Funcionarios::findAllFuncionarios()
in APPPATH\Views\pagamentos\detail_pagamentos_medico.php on line 29.
 1 SYSTEMPATH\View\View.php(213): include()
 2 SYSTEMPATH\View\View.php(216): CodeIgniter\View\View->CodeIgniter\View\{closure}()
 3 SYSTEMPATH\Common.php(1137): CodeIgniter\View\View->render('/pagamentos/detail_pagamentos_medico.php', [], true)
 4 APPPATH\Controllers\PagamentosController.php(37): view('/pagamentos/detail_pagamentos_medico.php', [...])
 5 SYSTEMPATH\CodeIgniter.php(898): App\Controllers\PagamentosController->historicoMedico('1')
 6 SYSTEMPATH\CodeIgniter.php(457): CodeIgniter\CodeIgniter->runController(Object(App\Controllers\PagamentosController))
 7 SYSTEMPATH\CodeIgniter.php(340): CodeIgniter\CodeIgniter->handleRequest(null, Object(Config\Cache), false)
 8 FCPATH\index.php(67): CodeIgniter\CodeIgniter->run()
 9 SYSTEMPATH\Commands\Server\rewrite.php(43): require_once('FCPATH\\index.php')
CRITICAL - 2022-10-22 12:21:43 --> Attempt to read property "USC_NOME" on array
in APPPATH\Views\pagamentos\detail_pagamentos_medico.php on line 130.
 1 APPPATH\Views\pagamentos\detail_pagamentos_medico.php(130): CodeIgniter\Debug\Exceptions->errorHandler(2, 'Attempt to read property "USC_NOME" on array', 'APPPATH\\Views\\pagamentos\\detail_pagamentos_medico.php', 130)
 2 SYSTEMPATH\View\View.php(213): include('APPPATH\\Views\\pagamentos\\detail_pagamentos_medico.php')
 3 SYSTEMPATH\View\View.php(216): CodeIgniter\View\View->CodeIgniter\View\{closure}()
 4 SYSTEMPATH\Common.php(1137): CodeIgniter\View\View->render('/pagamentos/detail_pagamentos_medico.php', [], true)
 5 APPPATH\Controllers\PagamentosController.php(37): view('/pagamentos/detail_pagamentos_medico.php', [...])
 6 SYSTEMPATH\CodeIgniter.php(898): App\Controllers\PagamentosController->historicoMedico('1')
 7 SYSTEMPATH\CodeIgniter.php(457): CodeIgniter\CodeIgniter->runController(Object(App\Controllers\PagamentosController))
 8 SYSTEMPATH\CodeIgniter.php(340): CodeIgniter\CodeIgniter->handleRequest(null, Object(Config\Cache), false)
 9 FCPATH\index.php(67): CodeIgniter\CodeIgniter->run()
10 SYSTEMPATH\Commands\Server\rewrite.php(43): require_once('FCPATH\\index.php')
CRITICAL - 2022-10-22 12:22:22 --> Attempt to read property "USC_NOME" on array
in APPPATH\Views\pagamentos\detail_pagamentos_medico.php on line 130.
 1 APPPATH\Views\pagamentos\detail_pagamentos_medico.php(130): CodeIgniter\Debug\Exceptions->errorHandler(2, 'Attempt to read property "USC_NOME" on array', 'APPPATH\\Views\\pagamentos\\detail_pagamentos_medico.php', 130)
 2 SYSTEMPATH\View\View.php(213): include('APPPATH\\Views\\pagamentos\\detail_pagamentos_medico.php')
 3 SYSTEMPATH\View\View.php(216): CodeIgniter\View\View->CodeIgniter\View\{closure}()
 4 SYSTEMPATH\Common.php(1137): CodeIgniter\View\View->render('/pagamentos/detail_pagamentos_medico.php', [], true)
 5 APPPATH\Controllers\PagamentosController.php(37): view('/pagamentos/detail_pagamentos_medico.php', [...])
 6 SYSTEMPATH\CodeIgniter.php(898): App\Controllers\PagamentosController->historicoMedico('1')
 7 SYSTEMPATH\CodeIgniter.php(457): CodeIgniter\CodeIgniter->runController(Object(App\Controllers\PagamentosController))
 8 SYSTEMPATH\CodeIgniter.php(340): CodeIgniter\CodeIgniter->handleRequest(null, Object(Config\Cache), false)
 9 FCPATH\index.php(67): CodeIgniter\CodeIgniter->run()
10 SYSTEMPATH\Commands\Server\rewrite.php(43): require_once('FCPATH\\index.php')
CRITICAL - 2022-10-22 12:22:24 --> Attempt to read property "USC_NOME" on array
in APPPATH\Views\pagamentos\detail_pagamentos_medico.php on line 130.
 1 APPPATH\Views\pagamentos\detail_pagamentos_medico.php(130): CodeIgniter\Debug\Exceptions->errorHandler(2, 'Attempt to read property "USC_NOME" on array', 'APPPATH\\Views\\pagamentos\\detail_pagamentos_medico.php', 130)
 2 SYSTEMPATH\View\View.php(213): include('APPPATH\\Views\\pagamentos\\detail_pagamentos_medico.php')
 3 SYSTEMPATH\View\View.php(216): CodeIgniter\View\View->CodeIgniter\View\{closure}()
 4 SYSTEMPATH\Common.php(1137): CodeIgniter\View\View->render('/pagamentos/detail_pagamentos_medico.php', [], true)
 5 APPPATH\Controllers\PagamentosController.php(37): view('/pagamentos/detail_pagamentos_medico.php', [...])
 6 SYSTEMPATH\CodeIgniter.php(898): App\Controllers\PagamentosController->historicoMedico('1')
 7 SYSTEMPATH\CodeIgniter.php(457): CodeIgniter\CodeIgniter->runController(Object(App\Controllers\PagamentosController))
 8 SYSTEMPATH\CodeIgniter.php(340): CodeIgniter\CodeIgniter->handleRequest(null, Object(Config\Cache), false)
 9 FCPATH\index.php(67): CodeIgniter\CodeIgniter->run()
10 SYSTEMPATH\Commands\Server\rewrite.php(43): require_once('FCPATH\\index.php')
CRITICAL - 2022-10-22 12:22:25 --> Attempt to read property "USC_NOME" on array
in APPPATH\Views\pagamentos\detail_pagamentos_medico.php on line 130.
 1 APPPATH\Views\pagamentos\detail_pagamentos_medico.php(130): CodeIgniter\Debug\Exceptions->errorHandler(2, 'Attempt to read property "USC_NOME" on array', 'APPPATH\\Views\\pagamentos\\detail_pagamentos_medico.php', 130)
 2 SYSTEMPATH\View\View.php(213): include('APPPATH\\Views\\pagamentos\\detail_pagamentos_medico.php')
 3 SYSTEMPATH\View\View.php(216): CodeIgniter\View\View->CodeIgniter\View\{closure}()
 4 SYSTEMPATH\Common.php(1137): CodeIgniter\View\View->render('/pagamentos/detail_pagamentos_medico.php', [], true)
 5 APPPATH\Controllers\PagamentosController.php(37): view('/pagamentos/detail_pagamentos_medico.php', [...])
 6 SYSTEMPATH\CodeIgniter.php(898): App\Controllers\PagamentosController->historicoMedico('1')
 7 SYSTEMPATH\CodeIgniter.php(457): CodeIgniter\CodeIgniter->runController(Object(App\Controllers\PagamentosController))
 8 SYSTEMPATH\CodeIgniter.php(340): CodeIgniter\CodeIgniter->handleRequest(null, Object(Config\Cache), false)
 9 FCPATH\index.php(67): CodeIgniter\CodeIgniter->run()
10 SYSTEMPATH\Commands\Server\rewrite.php(43): require_once('FCPATH\\index.php')
CRITICAL - 2022-10-22 12:23:00 --> Undefined variable $usuarioComum
in APPPATH\Views\pagamentos\detail_pagamentos_medico.php on line 130.
 1 APPPATH\Views\pagamentos\detail_pagamentos_medico.php(130): CodeIgniter\Debug\Exceptions->errorHandler(2, 'Undefined variable $usuarioComum', 'APPPATH\\Views\\pagamentos\\detail_pagamentos_medico.php', 130)
 2 SYSTEMPATH\View\View.php(213): include('APPPATH\\Views\\pagamentos\\detail_pagamentos_medico.php')
 3 SYSTEMPATH\View\View.php(216): CodeIgniter\View\View->CodeIgniter\View\{closure}()
 4 SYSTEMPATH\Common.php(1137): CodeIgniter\View\View->render('/pagamentos/detail_pagamentos_medico.php', [], true)
 5 APPPATH\Controllers\PagamentosController.php(37): view('/pagamentos/detail_pagamentos_medico.php', [...])
 6 SYSTEMPATH\CodeIgniter.php(898): App\Controllers\PagamentosController->historicoMedico('1')
 7 SYSTEMPATH\CodeIgniter.php(457): CodeIgniter\CodeIgniter->runController(Object(App\Controllers\PagamentosController))
 8 SYSTEMPATH\CodeIgniter.php(340): CodeIgniter\CodeIgniter->handleRequest(null, Object(Config\Cache), false)
 9 FCPATH\index.php(67): CodeIgniter\CodeIgniter->run()
10 SYSTEMPATH\Commands\Server\rewrite.php(43): require_once('FCPATH\\index.php')
CRITICAL - 2022-10-22 12:31:17 --> Undefined property: stdClass::$FUN_ID
in APPPATH\Views\pagamentos\list_medicos.php on line 151.
 1 APPPATH\Views\pagamentos\list_medicos.php(151): CodeIgniter\Debug\Exceptions->errorHandler(2, 'Undefined property: stdClass::$FUN_ID', 'APPPATH\\Views\\pagamentos\\list_medicos.php', 151)
 2 SYSTEMPATH\View\View.php(213): include('APPPATH\\Views\\pagamentos\\list_medicos.php')
 3 SYSTEMPATH\View\View.php(216): CodeIgniter\View\View->CodeIgniter\View\{closure}()
 4 SYSTEMPATH\Common.php(1137): CodeIgniter\View\View->render('/pagamentos/list_medicos.php', [], true)
 5 APPPATH\Controllers\PagamentosController.php(31): view('/pagamentos/list_medicos.php')
 6 SYSTEMPATH\CodeIgniter.php(898): App\Controllers\PagamentosController->listarMedicos()
 7 SYSTEMPATH\CodeIgniter.php(457): CodeIgniter\CodeIgniter->runController(Object(App\Controllers\PagamentosController))
 8 SYSTEMPATH\CodeIgniter.php(340): CodeIgniter\CodeIgniter->handleRequest(null, Object(Config\Cache), false)
 9 FCPATH\index.php(67): CodeIgniter\CodeIgniter->run()
10 SYSTEMPATH\Commands\Server\rewrite.php(43): require_once('FCPATH\\index.php')
CRITICAL - 2022-10-22 12:33:50 --> Undefined variable $funcionario
in APPPATH\Views\pagamentos\detail_pagamentos_medico.php on line 130.
 1 APPPATH\Views\pagamentos\detail_pagamentos_medico.php(130): CodeIgniter\Debug\Exceptions->errorHandler(2, 'Undefined variable $funcionario', 'APPPATH\\Views\\pagamentos\\detail_pagamentos_medico.php', 130)
 2 SYSTEMPATH\View\View.php(213): include('APPPATH\\Views\\pagamentos\\detail_pagamentos_medico.php')
 3 SYSTEMPATH\View\View.php(216): CodeIgniter\View\View->CodeIgniter\View\{closure}()
 4 SYSTEMPATH\Common.php(1137): CodeIgniter\View\View->render('/pagamentos/detail_pagamentos_medico.php', [], true)
 5 APPPATH\Controllers\PagamentosController.php(37): view('/pagamentos/detail_pagamentos_medico.php', [...])
 6 SYSTEMPATH\CodeIgniter.php(898): App\Controllers\PagamentosController->historicoMedico('11')
 7 SYSTEMPATH\CodeIgniter.php(457): CodeIgniter\CodeIgniter->runController(Object(App\Controllers\PagamentosController))
 8 SYSTEMPATH\CodeIgniter.php(340): CodeIgniter\CodeIgniter->handleRequest(null, Object(Config\Cache), false)
 9 FCPATH\index.php(67): CodeIgniter\CodeIgniter->run()
10 SYSTEMPATH\Commands\Server\rewrite.php(43): require_once('FCPATH\\index.php')
CRITICAL - 2022-10-22 12:35:13 --> Attempt to read property "USC_NOME" on null
in APPPATH\Views\pagamentos\detail_pagamentos_medico.php on line 130.
 1 APPPATH\Views\pagamentos\detail_pagamentos_medico.php(130): CodeIgniter\Debug\Exceptions->errorHandler(2, 'Attempt to read property "USC_NOME" on null', 'APPPATH\\Views\\pagamentos\\detail_pagamentos_medico.php', 130)
 2 SYSTEMPATH\View\View.php(213): include('APPPATH\\Views\\pagamentos\\detail_pagamentos_medico.php')
 3 SYSTEMPATH\View\View.php(216): CodeIgniter\View\View->CodeIgniter\View\{closure}()
 4 SYSTEMPATH\Common.php(1137): CodeIgniter\View\View->render('/pagamentos/detail_pagamentos_medico.php', [], true)
 5 APPPATH\Controllers\PagamentosController.php(37): view('/pagamentos/detail_pagamentos_medico.php', [...])
 6 SYSTEMPATH\CodeIgniter.php(898): App\Controllers\PagamentosController->historicoMedico('11')
 7 SYSTEMPATH\CodeIgniter.php(457): CodeIgniter\CodeIgniter->runController(Object(App\Controllers\PagamentosController))
 8 SYSTEMPATH\CodeIgniter.php(340): CodeIgniter\CodeIgniter->handleRequest(null, Object(Config\Cache), false)
 9 FCPATH\index.php(67): CodeIgniter\CodeIgniter->run()
10 SYSTEMPATH\Commands\Server\rewrite.php(43): require_once('FCPATH\\index.php')
CRITICAL - 2022-10-22 12:35:39 --> Attempt to read property "MED_ID" on null
in APPPATH\Views\pagamentos\detail_pagamentos_medico.php on line 130.
 1 APPPATH\Views\pagamentos\detail_pagamentos_medico.php(130): CodeIgniter\Debug\Exceptions->errorHandler(2, 'Attempt to read property "MED_ID" on null', 'APPPATH\\Views\\pagamentos\\detail_pagamentos_medico.php', 130)
 2 SYSTEMPATH\View\View.php(213): include('APPPATH\\Views\\pagamentos\\detail_pagamentos_medico.php')
 3 SYSTEMPATH\View\View.php(216): CodeIgniter\View\View->CodeIgniter\View\{closure}()
 4 SYSTEMPATH\Common.php(1137): CodeIgniter\View\View->render('/pagamentos/detail_pagamentos_medico.php', [], true)
 5 APPPATH\Controllers\PagamentosController.php(37): view('/pagamentos/detail_pagamentos_medico.php', [...])
 6 SYSTEMPATH\CodeIgniter.php(898): App\Controllers\PagamentosController->historicoMedico('11')
 7 SYSTEMPATH\CodeIgniter.php(457): CodeIgniter\CodeIgniter->runController(Object(App\Controllers\PagamentosController))
 8 SYSTEMPATH\CodeIgniter.php(340): CodeIgniter\CodeIgniter->handleRequest(null, Object(Config\Cache), false)
 9 FCPATH\index.php(67): CodeIgniter\CodeIgniter->run()
10 SYSTEMPATH\Commands\Server\rewrite.php(43): require_once('FCPATH\\index.php')
CRITICAL - 2022-10-22 12:35:40 --> Attempt to read property "MED_ID" on null
in APPPATH\Views\pagamentos\detail_pagamentos_medico.php on line 130.
 1 APPPATH\Views\pagamentos\detail_pagamentos_medico.php(130): CodeIgniter\Debug\Exceptions->errorHandler(2, 'Attempt to read property "MED_ID" on null', 'APPPATH\\Views\\pagamentos\\detail_pagamentos_medico.php', 130)
 2 SYSTEMPATH\View\View.php(213): include('APPPATH\\Views\\pagamentos\\detail_pagamentos_medico.php')
 3 SYSTEMPATH\View\View.php(216): CodeIgniter\View\View->CodeIgniter\View\{closure}()
 4 SYSTEMPATH\Common.php(1137): CodeIgniter\View\View->render('/pagamentos/detail_pagamentos_medico.php', [], true)
 5 APPPATH\Controllers\PagamentosController.php(37): view('/pagamentos/detail_pagamentos_medico.php', [...])
 6 SYSTEMPATH\CodeIgniter.php(898): App\Controllers\PagamentosController->historicoMedico('11')
 7 SYSTEMPATH\CodeIgniter.php(457): CodeIgniter\CodeIgniter->runController(Object(App\Controllers\PagamentosController))
 8 SYSTEMPATH\CodeIgniter.php(340): CodeIgniter\CodeIgniter->handleRequest(null, Object(Config\Cache), false)
 9 FCPATH\index.php(67): CodeIgniter\CodeIgniter->run()
10 SYSTEMPATH\Commands\Server\rewrite.php(43): require_once('FCPATH\\index.php')
CRITICAL - 2022-10-22 12:37:15 --> Call to a member function getNomeMedicoPorId() on null
in APPPATH\Views\pagamentos\detail_pagamentos_medico.php on line 130.
 1 SYSTEMPATH\View\View.php(213): include()
 2 SYSTEMPATH\View\View.php(216): CodeIgniter\View\View->CodeIgniter\View\{closure}()
 3 SYSTEMPATH\Common.php(1137): CodeIgniter\View\View->render('/pagamentos/detail_pagamentos_medico.php', [], true)
 4 APPPATH\Controllers\PagamentosController.php(37): view('/pagamentos/detail_pagamentos_medico.php', [...])
 5 SYSTEMPATH\CodeIgniter.php(898): App\Controllers\PagamentosController->historicoMedico('11')
 6 SYSTEMPATH\CodeIgniter.php(457): CodeIgniter\CodeIgniter->runController(Object(App\Controllers\PagamentosController))
 7 SYSTEMPATH\CodeIgniter.php(340): CodeIgniter\CodeIgniter->handleRequest(null, Object(Config\Cache), false)
 8 FCPATH\index.php(67): CodeIgniter\CodeIgniter->run()
 9 SYSTEMPATH\Commands\Server\rewrite.php(43): require_once('FCPATH\\index.php')
CRITICAL - 2022-10-22 12:37:44 --> Call to undefined method App\Entities\Medicos::getNomeMedicoPorId()
in APPPATH\Views\pagamentos\detail_pagamentos_medico.php on line 130.
 1 SYSTEMPATH\View\View.php(213): include()
 2 SYSTEMPATH\View\View.php(216): CodeIgniter\View\View->CodeIgniter\View\{closure}()
 3 SYSTEMPATH\Common.php(1137): CodeIgniter\View\View->render('/pagamentos/detail_pagamentos_medico.php', [], true)
 4 APPPATH\Controllers\PagamentosController.php(37): view('/pagamentos/detail_pagamentos_medico.php', [...])
 5 SYSTEMPATH\CodeIgniter.php(898): App\Controllers\PagamentosController->historicoMedico('1')
 6 SYSTEMPATH\CodeIgniter.php(457): CodeIgniter\CodeIgniter->runController(Object(App\Controllers\PagamentosController))
 7 SYSTEMPATH\CodeIgniter.php(340): CodeIgniter\CodeIgniter->handleRequest(null, Object(Config\Cache), false)
 8 FCPATH\index.php(67): CodeIgniter\CodeIgniter->run()
 9 SYSTEMPATH\Commands\Server\rewrite.php(43): require_once('FCPATH\\index.php')
CRITICAL - 2022-10-22 12:38:45 --> Call to a member function getNomeMedicoPorId() on array
in APPPATH\Views\pagamentos\detail_pagamentos_medico.php on line 130.
 1 SYSTEMPATH\View\View.php(213): include()
 2 SYSTEMPATH\View\View.php(216): CodeIgniter\View\View->CodeIgniter\View\{closure}()
 3 SYSTEMPATH\Common.php(1137): CodeIgniter\View\View->render('/pagamentos/detail_pagamentos_medico.php', [], true)
 4 APPPATH\Controllers\PagamentosController.php(37): view('/pagamentos/detail_pagamentos_medico.php', [...])
 5 SYSTEMPATH\CodeIgniter.php(898): App\Controllers\PagamentosController->historicoMedico('1')
 6 SYSTEMPATH\CodeIgniter.php(457): CodeIgniter\CodeIgniter->runController(Object(App\Controllers\PagamentosController))
 7 SYSTEMPATH\CodeIgniter.php(340): CodeIgniter\CodeIgniter->handleRequest(null, Object(Config\Cache), false)
 8 FCPATH\index.php(67): CodeIgniter\CodeIgniter->run()
 9 SYSTEMPATH\Commands\Server\rewrite.php(43): require_once('FCPATH\\index.php')
CRITICAL - 2022-10-22 12:39:01 --> Call to undefined method CodeIgniter\View\View::getNomeMedicoPorId()
in APPPATH\Views\pagamentos\detail_pagamentos_medico.php on line 130.
 1 SYSTEMPATH\View\View.php(213): include()
 2 SYSTEMPATH\View\View.php(216): CodeIgniter\View\View->CodeIgniter\View\{closure}()
 3 SYSTEMPATH\Common.php(1137): CodeIgniter\View\View->render('/pagamentos/detail_pagamentos_medico.php', [], true)
 4 APPPATH\Controllers\PagamentosController.php(37): view('/pagamentos/detail_pagamentos_medico.php', [...])
 5 SYSTEMPATH\CodeIgniter.php(898): App\Controllers\PagamentosController->historicoMedico('1')
 6 SYSTEMPATH\CodeIgniter.php(457): CodeIgniter\CodeIgniter->runController(Object(App\Controllers\PagamentosController))
 7 SYSTEMPATH\CodeIgniter.php(340): CodeIgniter\CodeIgniter->handleRequest(null, Object(Config\Cache), false)
 8 FCPATH\index.php(67): CodeIgniter\CodeIgniter->run()
 9 SYSTEMPATH\Commands\Server\rewrite.php(43): require_once('FCPATH\\index.php')
CRITICAL - 2022-10-22 12:39:03 --> Call to undefined method CodeIgniter\View\View::getNomeMedicoPorId()
in APPPATH\Views\pagamentos\detail_pagamentos_medico.php on line 130.
 1 SYSTEMPATH\View\View.php(213): include()
 2 SYSTEMPATH\View\View.php(216): CodeIgniter\View\View->CodeIgniter\View\{closure}()
 3 SYSTEMPATH\Common.php(1137): CodeIgniter\View\View->render('/pagamentos/detail_pagamentos_medico.php', [], true)
 4 APPPATH\Controllers\PagamentosController.php(37): view('/pagamentos/detail_pagamentos_medico.php', [...])
 5 SYSTEMPATH\CodeIgniter.php(898): App\Controllers\PagamentosController->historicoMedico('1')
 6 SYSTEMPATH\CodeIgniter.php(457): CodeIgniter\CodeIgniter->runController(Object(App\Controllers\PagamentosController))
 7 SYSTEMPATH\CodeIgniter.php(340): CodeIgniter\CodeIgniter->handleRequest(null, Object(Config\Cache), false)
 8 FCPATH\index.php(67): CodeIgniter\CodeIgniter->run()
 9 SYSTEMPATH\Commands\Server\rewrite.php(43): require_once('FCPATH\\index.php')
CRITICAL - 2022-10-22 12:40:18 --> Call to undefined method App\Entities\Medicos::getNomeMedicoPorId()
in APPPATH\Views\pagamentos\detail_pagamentos_medico.php on line 130.
 1 SYSTEMPATH\View\View.php(213): include()
 2 SYSTEMPATH\View\View.php(216): CodeIgniter\View\View->CodeIgniter\View\{closure}()
 3 SYSTEMPATH\Common.php(1137): CodeIgniter\View\View->render('/pagamentos/detail_pagamentos_medico.php', [], true)
 4 APPPATH\Controllers\PagamentosController.php(37): view('/pagamentos/detail_pagamentos_medico.php', [...])
 5 SYSTEMPATH\CodeIgniter.php(898): App\Controllers\PagamentosController->historicoMedico('1')
 6 SYSTEMPATH\CodeIgniter.php(457): CodeIgniter\CodeIgniter->runController(Object(App\Controllers\PagamentosController))
 7 SYSTEMPATH\CodeIgniter.php(340): CodeIgniter\CodeIgniter->handleRequest(null, Object(Config\Cache), false)
 8 FCPATH\index.php(67): CodeIgniter\CodeIgniter->run()
 9 SYSTEMPATH\Commands\Server\rewrite.php(43): require_once('FCPATH\\index.php')
CRITICAL - 2022-10-22 12:41:47 --> Call to undefined function getNomeMedicoPorId()
in APPPATH\Views\pagamentos\detail_pagamentos_medico.php on line 30.
 1 SYSTEMPATH\View\View.php(213): include()
 2 SYSTEMPATH\View\View.php(216): CodeIgniter\View\View->CodeIgniter\View\{closure}()
 3 SYSTEMPATH\Common.php(1137): CodeIgniter\View\View->render('/pagamentos/detail_pagamentos_medico.php', [], true)
 4 APPPATH\Controllers\PagamentosController.php(37): view('/pagamentos/detail_pagamentos_medico.php', [...])
 5 SYSTEMPATH\CodeIgniter.php(898): App\Controllers\PagamentosController->historicoMedico('1')
 6 SYSTEMPATH\CodeIgniter.php(457): CodeIgniter\CodeIgniter->runController(Object(App\Controllers\PagamentosController))
 7 SYSTEMPATH\CodeIgniter.php(340): CodeIgniter\CodeIgniter->handleRequest(null, Object(Config\Cache), false)
 8 FCPATH\index.php(67): CodeIgniter\CodeIgniter->run()
 9 SYSTEMPATH\Commands\Server\rewrite.php(43): require_once('FCPATH\\index.php')
CRITICAL - 2022-10-22 12:42:05 --> Call to undefined function getNomeMedicoPorId()
in APPPATH\Views\pagamentos\detail_pagamentos_medico.php on line 30.
 1 SYSTEMPATH\View\View.php(213): include()
 2 SYSTEMPATH\View\View.php(216): CodeIgniter\View\View->CodeIgniter\View\{closure}()
 3 SYSTEMPATH\Common.php(1137): CodeIgniter\View\View->render('/pagamentos/detail_pagamentos_medico.php', [], true)
 4 APPPATH\Controllers\PagamentosController.php(37): view('/pagamentos/detail_pagamentos_medico.php', [...])
 5 SYSTEMPATH\CodeIgniter.php(898): App\Controllers\PagamentosController->historicoMedico('1')
 6 SYSTEMPATH\CodeIgniter.php(457): CodeIgniter\CodeIgniter->runController(Object(App\Controllers\PagamentosController))
 7 SYSTEMPATH\CodeIgniter.php(340): CodeIgniter\CodeIgniter->handleRequest(null, Object(Config\Cache), false)
 8 FCPATH\index.php(67): CodeIgniter\CodeIgniter->run()
 9 SYSTEMPATH\Commands\Server\rewrite.php(43): require_once('FCPATH\\index.php')
CRITICAL - 2022-10-22 12:42:06 --> Call to undefined function getNomeMedicoPorId()
in APPPATH\Views\pagamentos\detail_pagamentos_medico.php on line 30.
 1 SYSTEMPATH\View\View.php(213): include()
 2 SYSTEMPATH\View\View.php(216): CodeIgniter\View\View->CodeIgniter\View\{closure}()
 3 SYSTEMPATH\Common.php(1137): CodeIgniter\View\View->render('/pagamentos/detail_pagamentos_medico.php', [], true)
 4 APPPATH\Controllers\PagamentosController.php(37): view('/pagamentos/detail_pagamentos_medico.php', [...])
 5 SYSTEMPATH\CodeIgniter.php(898): App\Controllers\PagamentosController->historicoMedico('1')
 6 SYSTEMPATH\CodeIgniter.php(457): CodeIgniter\CodeIgniter->runController(Object(App\Controllers\PagamentosController))
 7 SYSTEMPATH\CodeIgniter.php(340): CodeIgniter\CodeIgniter->handleRequest(null, Object(Config\Cache), false)
 8 FCPATH\index.php(67): CodeIgniter\CodeIgniter->run()
 9 SYSTEMPATH\Commands\Server\rewrite.php(43): require_once('FCPATH\\index.php')
CRITICAL - 2022-10-22 12:42:07 --> Call to undefined function getNomeMedicoPorId()
in APPPATH\Views\pagamentos\detail_pagamentos_medico.php on line 30.
 1 SYSTEMPATH\View\View.php(213): include()
 2 SYSTEMPATH\View\View.php(216): CodeIgniter\View\View->CodeIgniter\View\{closure}()
 3 SYSTEMPATH\Common.php(1137): CodeIgniter\View\View->render('/pagamentos/detail_pagamentos_medico.php', [], true)
 4 APPPATH\Controllers\PagamentosController.php(37): view('/pagamentos/detail_pagamentos_medico.php', [...])
 5 SYSTEMPATH\CodeIgniter.php(898): App\Controllers\PagamentosController->historicoMedico('1')
 6 SYSTEMPATH\CodeIgniter.php(457): CodeIgniter\CodeIgniter->runController(Object(App\Controllers\PagamentosController))
 7 SYSTEMPATH\CodeIgniter.php(340): CodeIgniter\CodeIgniter->handleRequest(null, Object(Config\Cache), false)
 8 FCPATH\index.php(67): CodeIgniter\CodeIgniter->run()
 9 SYSTEMPATH\Commands\Server\rewrite.php(43): require_once('FCPATH\\index.php')
CRITICAL - 2022-10-22 12:51:59 --> Call to undefined function getNomeMedicoPorId()
in APPPATH\Views\pagamentos\detail_pagamentos_medico.php on line 30.
 1 SYSTEMPATH\View\View.php(213): include()
 2 SYSTEMPATH\View\View.php(216): CodeIgniter\View\View->CodeIgniter\View\{closure}()
 3 SYSTEMPATH\Common.php(1137): CodeIgniter\View\View->render('/pagamentos/detail_pagamentos_medico.php', [], true)
 4 APPPATH\Controllers\PagamentosController.php(37): view('/pagamentos/detail_pagamentos_medico.php', [...])
 5 SYSTEMPATH\CodeIgniter.php(898): App\Controllers\PagamentosController->historicoMedico('1')
 6 SYSTEMPATH\CodeIgniter.php(457): CodeIgniter\CodeIgniter->runController(Object(App\Controllers\PagamentosController))
 7 SYSTEMPATH\CodeIgniter.php(340): CodeIgniter\CodeIgniter->handleRequest(null, Object(Config\Cache), false)
 8 FCPATH\index.php(67): CodeIgniter\CodeIgniter->run()
 9 SYSTEMPATH\Commands\Server\rewrite.php(43): require_once('FCPATH\\index.php')
CRITICAL - 2022-10-22 12:52:00 --> Call to undefined function getNomeMedicoPorId()
in APPPATH\Views\pagamentos\detail_pagamentos_medico.php on line 30.
 1 SYSTEMPATH\View\View.php(213): include()
 2 SYSTEMPATH\View\View.php(216): CodeIgniter\View\View->CodeIgniter\View\{closure}()
 3 SYSTEMPATH\Common.php(1137): CodeIgniter\View\View->render('/pagamentos/detail_pagamentos_medico.php', [], true)
 4 APPPATH\Controllers\PagamentosController.php(37): view('/pagamentos/detail_pagamentos_medico.php', [...])
 5 SYSTEMPATH\CodeIgniter.php(898): App\Controllers\PagamentosController->historicoMedico('1')
 6 SYSTEMPATH\CodeIgniter.php(457): CodeIgniter\CodeIgniter->runController(Object(App\Controllers\PagamentosController))
 7 SYSTEMPATH\CodeIgniter.php(340): CodeIgniter\CodeIgniter->handleRequest(null, Object(Config\Cache), false)
 8 FCPATH\index.php(67): CodeIgniter\CodeIgniter->run()
 9 SYSTEMPATH\Commands\Server\rewrite.php(43): require_once('FCPATH\\index.php')
CRITICAL - 2022-10-22 12:53:53 --> Call to undefined method CodeIgniter\View\View::getNomeMedicoPorId()
in APPPATH\Views\pagamentos\detail_pagamentos_medico.php on line 30.
 1 SYSTEMPATH\View\View.php(213): include()
 2 SYSTEMPATH\View\View.php(216): CodeIgniter\View\View->CodeIgniter\View\{closure}()
 3 SYSTEMPATH\Common.php(1137): CodeIgniter\View\View->render('/pagamentos/detail_pagamentos_medico.php', [], true)
 4 APPPATH\Controllers\PagamentosController.php(37): view('/pagamentos/detail_pagamentos_medico.php', [...])
 5 SYSTEMPATH\CodeIgniter.php(898): App\Controllers\PagamentosController->historicoMedico('1')
 6 SYSTEMPATH\CodeIgniter.php(457): CodeIgniter\CodeIgniter->runController(Object(App\Controllers\PagamentosController))
 7 SYSTEMPATH\CodeIgniter.php(340): CodeIgniter\CodeIgniter->handleRequest(null, Object(Config\Cache), false)
 8 FCPATH\index.php(67): CodeIgniter\CodeIgniter->run()
 9 SYSTEMPATH\Commands\Server\rewrite.php(43): require_once('FCPATH\\index.php')
CRITICAL - 2022-10-22 12:53:54 --> Call to undefined method CodeIgniter\View\View::getNomeMedicoPorId()
in APPPATH\Views\pagamentos\detail_pagamentos_medico.php on line 30.
 1 SYSTEMPATH\View\View.php(213): include()
 2 SYSTEMPATH\View\View.php(216): CodeIgniter\View\View->CodeIgniter\View\{closure}()
 3 SYSTEMPATH\Common.php(1137): CodeIgniter\View\View->render('/pagamentos/detail_pagamentos_medico.php', [], true)
 4 APPPATH\Controllers\PagamentosController.php(37): view('/pagamentos/detail_pagamentos_medico.php', [...])
 5 SYSTEMPATH\CodeIgniter.php(898): App\Controllers\PagamentosController->historicoMedico('1')
 6 SYSTEMPATH\CodeIgniter.php(457): CodeIgniter\CodeIgniter->runController(Object(App\Controllers\PagamentosController))
 7 SYSTEMPATH\CodeIgniter.php(340): CodeIgniter\CodeIgniter->handleRequest(null, Object(Config\Cache), false)
 8 FCPATH\index.php(67): CodeIgniter\CodeIgniter->run()
 9 SYSTEMPATH\Commands\Server\rewrite.php(43): require_once('FCPATH\\index.php')
CRITICAL - 2022-10-22 12:54:07 --> Undefined property: CodeIgniter\View\View::$MedicosModel
in APPPATH\Views\pagamentos\detail_pagamentos_medico.php on line 30.
 1 APPPATH\Views\pagamentos\detail_pagamentos_medico.php(30): CodeIgniter\Debug\Exceptions->errorHandler(2, 'Undefined property: CodeIgniter\\View\\View::$MedicosModel', 'APPPATH\\Views\\pagamentos\\detail_pagamentos_medico.php', 30)
 2 SYSTEMPATH\View\View.php(213): include('APPPATH\\Views\\pagamentos\\detail_pagamentos_medico.php')
 3 SYSTEMPATH\View\View.php(216): CodeIgniter\View\View->CodeIgniter\View\{closure}()
 4 SYSTEMPATH\Common.php(1137): CodeIgniter\View\View->render('/pagamentos/detail_pagamentos_medico.php', [], true)
 5 APPPATH\Controllers\PagamentosController.php(37): view('/pagamentos/detail_pagamentos_medico.php', [...])
 6 SYSTEMPATH\CodeIgniter.php(898): App\Controllers\PagamentosController->historicoMedico('1')
 7 SYSTEMPATH\CodeIgniter.php(457): CodeIgniter\CodeIgniter->runController(Object(App\Controllers\PagamentosController))
 8 SYSTEMPATH\CodeIgniter.php(340): CodeIgniter\CodeIgniter->handleRequest(null, Object(Config\Cache), false)
 9 FCPATH\index.php(67): CodeIgniter\CodeIgniter->run()
10 SYSTEMPATH\Commands\Server\rewrite.php(43): require_once('FCPATH\\index.php')
CRITICAL - 2022-10-22 12:54:10 --> Undefined property: CodeIgniter\View\View::$MedicosModel
in APPPATH\Views\pagamentos\detail_pagamentos_medico.php on line 30.
 1 APPPATH\Views\pagamentos\detail_pagamentos_medico.php(30): CodeIgniter\Debug\Exceptions->errorHandler(2, 'Undefined property: CodeIgniter\\View\\View::$MedicosModel', 'APPPATH\\Views\\pagamentos\\detail_pagamentos_medico.php', 30)
 2 SYSTEMPATH\View\View.php(213): include('APPPATH\\Views\\pagamentos\\detail_pagamentos_medico.php')
 3 SYSTEMPATH\View\View.php(216): CodeIgniter\View\View->CodeIgniter\View\{closure}()
 4 SYSTEMPATH\Common.php(1137): CodeIgniter\View\View->render('/pagamentos/detail_pagamentos_medico.php', [], true)
 5 APPPATH\Controllers\PagamentosController.php(37): view('/pagamentos/detail_pagamentos_medico.php', [...])
 6 SYSTEMPATH\CodeIgniter.php(898): App\Controllers\PagamentosController->historicoMedico('1')
 7 SYSTEMPATH\CodeIgniter.php(457): CodeIgniter\CodeIgniter->runController(Object(App\Controllers\PagamentosController))
 8 SYSTEMPATH\CodeIgniter.php(340): CodeIgniter\CodeIgniter->handleRequest(null, Object(Config\Cache), false)
 9 FCPATH\index.php(67): CodeIgniter\CodeIgniter->run()
10 SYSTEMPATH\Commands\Server\rewrite.php(43): require_once('FCPATH\\index.php')
CRITICAL - 2022-10-22 12:54:47 --> Object of class App\Models\MedicosModel could not be converted to string
in APPPATH\Views\pagamentos\detail_pagamentos_medico.php on line 30.
 1 SYSTEMPATH\View\View.php(213): include()
 2 SYSTEMPATH\View\View.php(216): CodeIgniter\View\View->CodeIgniter\View\{closure}()
 3 SYSTEMPATH\Common.php(1137): CodeIgniter\View\View->render('/pagamentos/detail_pagamentos_medico.php', [], true)
 4 APPPATH\Controllers\PagamentosController.php(37): view('/pagamentos/detail_pagamentos_medico.php', [...])
 5 SYSTEMPATH\CodeIgniter.php(898): App\Controllers\PagamentosController->historicoMedico('1')
 6 SYSTEMPATH\CodeIgniter.php(457): CodeIgniter\CodeIgniter->runController(Object(App\Controllers\PagamentosController))
 7 SYSTEMPATH\CodeIgniter.php(340): CodeIgniter\CodeIgniter->handleRequest(null, Object(Config\Cache), false)
 8 FCPATH\index.php(67): CodeIgniter\CodeIgniter->run()
 9 SYSTEMPATH\Commands\Server\rewrite.php(43): require_once('FCPATH\\index.php')
CRITICAL - 2022-10-22 12:55:51 --> Undefined variable $nomeMedico
in APPPATH\Views\pagamentos\detail_pagamentos_medico.php on line 130.
 1 APPPATH\Views\pagamentos\detail_pagamentos_medico.php(130): CodeIgniter\Debug\Exceptions->errorHandler(2, 'Undefined variable $nomeMedico', 'APPPATH\\Views\\pagamentos\\detail_pagamentos_medico.php', 130)
 2 SYSTEMPATH\View\View.php(213): include('APPPATH\\Views\\pagamentos\\detail_pagamentos_medico.php')
 3 SYSTEMPATH\View\View.php(216): CodeIgniter\View\View->CodeIgniter\View\{closure}()
 4 SYSTEMPATH\Common.php(1137): CodeIgniter\View\View->render('/pagamentos/detail_pagamentos_medico.php', [], true)
 5 APPPATH\Controllers\PagamentosController.php(37): view('/pagamentos/detail_pagamentos_medico.php', [...])
 6 SYSTEMPATH\CodeIgniter.php(898): App\Controllers\PagamentosController->historicoMedico('1')
 7 SYSTEMPATH\CodeIgniter.php(457): CodeIgniter\CodeIgniter->runController(Object(App\Controllers\PagamentosController))
 8 SYSTEMPATH\CodeIgniter.php(340): CodeIgniter\CodeIgniter->handleRequest(null, Object(Config\Cache), false)
 9 FCPATH\index.php(67): CodeIgniter\CodeIgniter->run()
10 SYSTEMPATH\Commands\Server\rewrite.php(43): require_once('FCPATH\\index.php')
CRITICAL - 2022-10-22 12:56:06 --> Call to undefined method App\Entities\Medicos::getNomeMedicoPorId()
in APPPATH\Views\pagamentos\detail_pagamentos_medico.php on line 130.
 1 SYSTEMPATH\View\View.php(213): include()
 2 SYSTEMPATH\View\View.php(216): CodeIgniter\View\View->CodeIgniter\View\{closure}()
 3 SYSTEMPATH\Common.php(1137): CodeIgniter\View\View->render('/pagamentos/detail_pagamentos_medico.php', [], true)
 4 APPPATH\Controllers\PagamentosController.php(37): view('/pagamentos/detail_pagamentos_medico.php', [...])
 5 SYSTEMPATH\CodeIgniter.php(898): App\Controllers\PagamentosController->historicoMedico('1')
 6 SYSTEMPATH\CodeIgniter.php(457): CodeIgniter\CodeIgniter->runController(Object(App\Controllers\PagamentosController))
 7 SYSTEMPATH\CodeIgniter.php(340): CodeIgniter\CodeIgniter->handleRequest(null, Object(Config\Cache), false)
 8 FCPATH\index.php(67): CodeIgniter\CodeIgniter->run()
 9 SYSTEMPATH\Commands\Server\rewrite.php(43): require_once('FCPATH\\index.php')
CRITICAL - 2022-10-22 12:56:19 --> Object of class CodeIgniter\View\View could not be converted to string
in APPPATH\Views\pagamentos\detail_pagamentos_medico.php on line 130.
 1 SYSTEMPATH\View\View.php(213): include()
 2 SYSTEMPATH\View\View.php(216): CodeIgniter\View\View->CodeIgniter\View\{closure}()
 3 SYSTEMPATH\Common.php(1137): CodeIgniter\View\View->render('/pagamentos/detail_pagamentos_medico.php', [], true)
 4 APPPATH\Controllers\PagamentosController.php(37): view('/pagamentos/detail_pagamentos_medico.php', [...])
 5 SYSTEMPATH\CodeIgniter.php(898): App\Controllers\PagamentosController->historicoMedico('1')
 6 SYSTEMPATH\CodeIgniter.php(457): CodeIgniter\CodeIgniter->runController(Object(App\Controllers\PagamentosController))
 7 SYSTEMPATH\CodeIgniter.php(340): CodeIgniter\CodeIgniter->handleRequest(null, Object(Config\Cache), false)
 8 FCPATH\index.php(67): CodeIgniter\CodeIgniter->run()
 9 SYSTEMPATH\Commands\Server\rewrite.php(43): require_once('FCPATH\\index.php')
CRITICAL - 2022-10-22 12:58:14 --> Too few arguments to function App\Models\MedicosModel::getNomeMedicoPorId(), 0 passed in D:\Conteúdo da Faculdade\Sétimo Semestre\Breno Lisi Romano\SVN-PIDC7-Felipe José\desenvolvimento\comum\Sprint-int01\app\Views\pagamentos\detail_pagamentos_medico.php on line 30 and exactly 1 expected
in APPPATH\Models\MedicosModel.php on line 48.
 1 APPPATH\Views\pagamentos\detail_pagamentos_medico.php(30): App\Models\MedicosModel->getNomeMedicoPorId()
 2 SYSTEMPATH\View\View.php(213): include('APPPATH\\Views\\pagamentos\\detail_pagamentos_medico.php')
 3 SYSTEMPATH\View\View.php(216): CodeIgniter\View\View->CodeIgniter\View\{closure}()
 4 SYSTEMPATH\Common.php(1137): CodeIgniter\View\View->render('/pagamentos/detail_pagamentos_medico.php', [], true)
 5 APPPATH\Controllers\PagamentosController.php(37): view('/pagamentos/detail_pagamentos_medico.php', [...])
 6 SYSTEMPATH\CodeIgniter.php(898): App\Controllers\PagamentosController->historicoMedico('1')
 7 SYSTEMPATH\CodeIgniter.php(457): CodeIgniter\CodeIgniter->runController(Object(App\Controllers\PagamentosController))
 8 SYSTEMPATH\CodeIgniter.php(340): CodeIgniter\CodeIgniter->handleRequest(null, Object(Config\Cache), false)
 9 FCPATH\index.php(67): CodeIgniter\CodeIgniter->run()
10 SYSTEMPATH\Commands\Server\rewrite.php(43): require_once('FCPATH\\index.php')
CRITICAL - 2022-10-22 12:58:25 --> Too few arguments to function App\Models\MedicosModel::getNomeMedicoPorId(), 0 passed in D:\Conteúdo da Faculdade\Sétimo Semestre\Breno Lisi Romano\SVN-PIDC7-Felipe José\desenvolvimento\comum\Sprint-int01\app\Views\pagamentos\detail_pagamentos_medico.php on line 30 and exactly 1 expected
in APPPATH\Models\MedicosModel.php on line 48.
 1 APPPATH\Views\pagamentos\detail_pagamentos_medico.php(30): App\Models\MedicosModel->getNomeMedicoPorId()
 2 SYSTEMPATH\View\View.php(213): include('APPPATH\\Views\\pagamentos\\detail_pagamentos_medico.php')
 3 SYSTEMPATH\View\View.php(216): CodeIgniter\View\View->CodeIgniter\View\{closure}()
 4 SYSTEMPATH\Common.php(1137): CodeIgniter\View\View->render('/pagamentos/detail_pagamentos_medico.php', [], true)
 5 APPPATH\Controllers\PagamentosController.php(37): view('/pagamentos/detail_pagamentos_medico.php', [...])
 6 SYSTEMPATH\CodeIgniter.php(898): App\Controllers\PagamentosController->historicoMedico('1')
 7 SYSTEMPATH\CodeIgniter.php(457): CodeIgniter\CodeIgniter->runController(Object(App\Controllers\PagamentosController))
 8 SYSTEMPATH\CodeIgniter.php(340): CodeIgniter\CodeIgniter->handleRequest(null, Object(Config\Cache), false)
 9 FCPATH\index.php(67): CodeIgniter\CodeIgniter->run()
10 SYSTEMPATH\Commands\Server\rewrite.php(43): require_once('FCPATH\\index.php')
CRITICAL - 2022-10-22 12:58:26 --> Too few arguments to function App\Models\MedicosModel::getNomeMedicoPorId(), 0 passed in D:\Conteúdo da Faculdade\Sétimo Semestre\Breno Lisi Romano\SVN-PIDC7-Felipe José\desenvolvimento\comum\Sprint-int01\app\Views\pagamentos\detail_pagamentos_medico.php on line 30 and exactly 1 expected
in APPPATH\Models\MedicosModel.php on line 48.
 1 APPPATH\Views\pagamentos\detail_pagamentos_medico.php(30): App\Models\MedicosModel->getNomeMedicoPorId()
 2 SYSTEMPATH\View\View.php(213): include('APPPATH\\Views\\pagamentos\\detail_pagamentos_medico.php')
 3 SYSTEMPATH\View\View.php(216): CodeIgniter\View\View->CodeIgniter\View\{closure}()
 4 SYSTEMPATH\Common.php(1137): CodeIgniter\View\View->render('/pagamentos/detail_pagamentos_medico.php', [], true)
 5 APPPATH\Controllers\PagamentosController.php(37): view('/pagamentos/detail_pagamentos_medico.php', [...])
 6 SYSTEMPATH\CodeIgniter.php(898): App\Controllers\PagamentosController->historicoMedico('1')
 7 SYSTEMPATH\CodeIgniter.php(457): CodeIgniter\CodeIgniter->runController(Object(App\Controllers\PagamentosController))
 8 SYSTEMPATH\CodeIgniter.php(340): CodeIgniter\CodeIgniter->handleRequest(null, Object(Config\Cache), false)
 9 FCPATH\index.php(67): CodeIgniter\CodeIgniter->run()
10 SYSTEMPATH\Commands\Server\rewrite.php(43): require_once('FCPATH\\index.php')
CRITICAL - 2022-10-22 12:58:26 --> Too few arguments to function App\Models\MedicosModel::getNomeMedicoPorId(), 0 passed in D:\Conteúdo da Faculdade\Sétimo Semestre\Breno Lisi Romano\SVN-PIDC7-Felipe José\desenvolvimento\comum\Sprint-int01\app\Views\pagamentos\detail_pagamentos_medico.php on line 30 and exactly 1 expected
in APPPATH\Models\MedicosModel.php on line 48.
 1 APPPATH\Views\pagamentos\detail_pagamentos_medico.php(30): App\Models\MedicosModel->getNomeMedicoPorId()
 2 SYSTEMPATH\View\View.php(213): include('APPPATH\\Views\\pagamentos\\detail_pagamentos_medico.php')
 3 SYSTEMPATH\View\View.php(216): CodeIgniter\View\View->CodeIgniter\View\{closure}()
 4 SYSTEMPATH\Common.php(1137): CodeIgniter\View\View->render('/pagamentos/detail_pagamentos_medico.php', [], true)
 5 APPPATH\Controllers\PagamentosController.php(37): view('/pagamentos/detail_pagamentos_medico.php', [...])
 6 SYSTEMPATH\CodeIgniter.php(898): App\Controllers\PagamentosController->historicoMedico('1')
 7 SYSTEMPATH\CodeIgniter.php(457): CodeIgniter\CodeIgniter->runController(Object(App\Controllers\PagamentosController))
 8 SYSTEMPATH\CodeIgniter.php(340): CodeIgniter\CodeIgniter->handleRequest(null, Object(Config\Cache), false)
 9 FCPATH\index.php(67): CodeIgniter\CodeIgniter->run()
10 SYSTEMPATH\Commands\Server\rewrite.php(43): require_once('FCPATH\\index.php')
CRITICAL - 2022-10-22 12:58:46 --> Object of class App\Entities\Medicos could not be converted to string
in APPPATH\Models\MedicosModel.php on line 65.
 1 APPPATH\Models\MedicosModel.php(49): App\Models\MedicosModel->verificarIdMedico(Object(App\Entities\Medicos))
 2 APPPATH\Views\pagamentos\detail_pagamentos_medico.php(30): App\Models\MedicosModel->getNomeMedicoPorId(Object(App\Entities\Medicos))
 3 SYSTEMPATH\View\View.php(213): include('APPPATH\\Views\\pagamentos\\detail_pagamentos_medico.php')
 4 SYSTEMPATH\View\View.php(216): CodeIgniter\View\View->CodeIgniter\View\{closure}()
 5 SYSTEMPATH\Common.php(1137): CodeIgniter\View\View->render('/pagamentos/detail_pagamentos_medico.php', [], true)
 6 APPPATH\Controllers\PagamentosController.php(37): view('/pagamentos/detail_pagamentos_medico.php', [...])
 7 SYSTEMPATH\CodeIgniter.php(898): App\Controllers\PagamentosController->historicoMedico('1')
 8 SYSTEMPATH\CodeIgniter.php(457): CodeIgniter\CodeIgniter->runController(Object(App\Controllers\PagamentosController))
 9 SYSTEMPATH\CodeIgniter.php(340): CodeIgniter\CodeIgniter->handleRequest(null, Object(Config\Cache), false)
10 FCPATH\index.php(67): CodeIgniter\CodeIgniter->run()
11 SYSTEMPATH\Commands\Server\rewrite.php(43): require_once('FCPATH\\index.php')
CRITICAL - 2022-10-22 12:58:47 --> Object of class App\Entities\Medicos could not be converted to string
in APPPATH\Models\MedicosModel.php on line 65.
 1 APPPATH\Models\MedicosModel.php(49): App\Models\MedicosModel->verificarIdMedico(Object(App\Entities\Medicos))
 2 APPPATH\Views\pagamentos\detail_pagamentos_medico.php(30): App\Models\MedicosModel->getNomeMedicoPorId(Object(App\Entities\Medicos))
 3 SYSTEMPATH\View\View.php(213): include('APPPATH\\Views\\pagamentos\\detail_pagamentos_medico.php')
 4 SYSTEMPATH\View\View.php(216): CodeIgniter\View\View->CodeIgniter\View\{closure}()
 5 SYSTEMPATH\Common.php(1137): CodeIgniter\View\View->render('/pagamentos/detail_pagamentos_medico.php', [], true)
 6 APPPATH\Controllers\PagamentosController.php(37): view('/pagamentos/detail_pagamentos_medico.php', [...])
 7 SYSTEMPATH\CodeIgniter.php(898): App\Controllers\PagamentosController->historicoMedico('1')
 8 SYSTEMPATH\CodeIgniter.php(457): CodeIgniter\CodeIgniter->runController(Object(App\Controllers\PagamentosController))
 9 SYSTEMPATH\CodeIgniter.php(340): CodeIgniter\CodeIgniter->handleRequest(null, Object(Config\Cache), false)
10 FCPATH\index.php(67): CodeIgniter\CodeIgniter->run()
11 SYSTEMPATH\Commands\Server\rewrite.php(43): require_once('FCPATH\\index.php')
CRITICAL - 2022-10-22 12:58:48 --> Object of class App\Entities\Medicos could not be converted to string
in APPPATH\Models\MedicosModel.php on line 65.
 1 APPPATH\Models\MedicosModel.php(49): App\Models\MedicosModel->verificarIdMedico(Object(App\Entities\Medicos))
 2 APPPATH\Views\pagamentos\detail_pagamentos_medico.php(30): App\Models\MedicosModel->getNomeMedicoPorId(Object(App\Entities\Medicos))
 3 SYSTEMPATH\View\View.php(213): include('APPPATH\\Views\\pagamentos\\detail_pagamentos_medico.php')
 4 SYSTEMPATH\View\View.php(216): CodeIgniter\View\View->CodeIgniter\View\{closure}()
 5 SYSTEMPATH\Common.php(1137): CodeIgniter\View\View->render('/pagamentos/detail_pagamentos_medico.php', [], true)
 6 APPPATH\Controllers\PagamentosController.php(37): view('/pagamentos/detail_pagamentos_medico.php', [...])
 7 SYSTEMPATH\CodeIgniter.php(898): App\Controllers\PagamentosController->historicoMedico('1')
 8 SYSTEMPATH\CodeIgniter.php(457): CodeIgniter\CodeIgniter->runController(Object(App\Controllers\PagamentosController))
 9 SYSTEMPATH\CodeIgniter.php(340): CodeIgniter\CodeIgniter->handleRequest(null, Object(Config\Cache), false)
10 FCPATH\index.php(67): CodeIgniter\CodeIgniter->run()
11 SYSTEMPATH\Commands\Server\rewrite.php(43): require_once('FCPATH\\index.php')
CRITICAL - 2022-10-22 13:18:32 --> Attempt to read property "USC_CPF" on array
in APPPATH\Views\pagamentos\detail_pagamentos_medico.php on line 132.
 1 APPPATH\Views\pagamentos\detail_pagamentos_medico.php(132): CodeIgniter\Debug\Exceptions->errorHandler(2, 'Attempt to read property "USC_CPF" on array', 'APPPATH\\Views\\pagamentos\\detail_pagamentos_medico.php', 132)
 2 SYSTEMPATH\View\View.php(213): include('APPPATH\\Views\\pagamentos\\detail_pagamentos_medico.php')
 3 SYSTEMPATH\View\View.php(216): CodeIgniter\View\View->CodeIgniter\View\{closure}()
 4 SYSTEMPATH\Common.php(1137): CodeIgniter\View\View->render('/pagamentos/detail_pagamentos_medico.php', [], true)
 5 APPPATH\Controllers\PagamentosController.php(37): view('/pagamentos/detail_pagamentos_medico.php', [...])
 6 SYSTEMPATH\CodeIgniter.php(898): App\Controllers\PagamentosController->historicoMedico('1')
 7 SYSTEMPATH\CodeIgniter.php(457): CodeIgniter\CodeIgniter->runController(Object(App\Controllers\PagamentosController))
 8 SYSTEMPATH\CodeIgniter.php(340): CodeIgniter\CodeIgniter->handleRequest(null, Object(Config\Cache), false)
 9 FCPATH\index.php(67): CodeIgniter\CodeIgniter->run()
10 SYSTEMPATH\Commands\Server\rewrite.php(43): require_once('FCPATH\\index.php')
CRITICAL - 2022-10-22 13:20:15 --> Undefined property: stdClass::$FUN_ID
in APPPATH\Views\pagamentos\list_medicos.php on line 151.
 1 APPPATH\Views\pagamentos\list_medicos.php(151): CodeIgniter\Debug\Exceptions->errorHandler(2, 'Undefined property: stdClass::$FUN_ID', 'APPPATH\\Views\\pagamentos\\list_medicos.php', 151)
 2 SYSTEMPATH\View\View.php(213): include('APPPATH\\Views\\pagamentos\\list_medicos.php')
 3 SYSTEMPATH\View\View.php(216): CodeIgniter\View\View->CodeIgniter\View\{closure}()
 4 SYSTEMPATH\Common.php(1137): CodeIgniter\View\View->render('/pagamentos/list_medicos.php', [], true)
 5 APPPATH\Controllers\PagamentosController.php(31): view('/pagamentos/list_medicos.php')
 6 SYSTEMPATH\CodeIgniter.php(898): App\Controllers\PagamentosController->listarMedicos()
 7 SYSTEMPATH\CodeIgniter.php(457): CodeIgniter\CodeIgniter->runController(Object(App\Controllers\PagamentosController))
 8 SYSTEMPATH\CodeIgniter.php(340): CodeIgniter\CodeIgniter->handleRequest(null, Object(Config\Cache), false)
 9 FCPATH\index.php(67): CodeIgniter\CodeIgniter->run()
10 SYSTEMPATH\Commands\Server\rewrite.php(43): require_once('FCPATH\\index.php')
ERROR - 2022-10-22 14:05:20 --> mysqli_sql_exception: Unknown column 'pl.PLN_NOME' in 'field list' in D:\Conteúdo da Faculdade\Sétimo Semestre\Breno Lisi Romano\SVN-PIDC7-Felipe José\desenvolvimento\comum\Sprint-int01\system\Database\MySQLi\Connection.php:292
Stack trace:
#0 D:\Conteúdo da Faculdade\Sétimo Semestre\Breno Lisi Romano\SVN-PIDC7-Felipe José\desenvolvimento\comum\Sprint-int01\system\Database\MySQLi\Connection.php(292): mysqli->query('SELECT ppM.*, u...', 0)
#1 D:\Conteúdo da Faculdade\Sétimo Semestre\Breno Lisi Romano\SVN-PIDC7-Felipe José\desenvolvimento\comum\Sprint-int01\system\Database\BaseConnection.php(693): CodeIgniter\Database\MySQLi\Connection->execute('SELECT ppM.*, u...')
#2 D:\Conteúdo da Faculdade\Sétimo Semestre\Breno Lisi Romano\SVN-PIDC7-Felipe José\desenvolvimento\comum\Sprint-int01\system\Database\BaseConnection.php(620): CodeIgniter\Database\BaseConnection->simpleQuery('SELECT ppM.*, u...')
#3 D:\Conteúdo da Faculdade\Sétimo Semestre\Breno Lisi Romano\SVN-PIDC7-Felipe José\desenvolvimento\comum\Sprint-int01\app\Models\PagamentosMedicosModel.php(98): CodeIgniter\Database\BaseConnection->query('SELECT ppM.*, u...')
#4 D:\Conteúdo da Faculdade\Sétimo Semestre\Breno Lisi Romano\SVN-PIDC7-Felipe José\desenvolvimento\comum\Sprint-int01\app\Views\pagamentos\list_medicos_aberto.php(29): App\Models\PagamentosMedicosModel->medicosInadimplentes()
#5 D:\Conteúdo da Faculdade\Sétimo Semestre\Breno Lisi Romano\SVN-PIDC7-Felipe José\desenvolvimento\comum\Sprint-int01\system\View\View.php(213): include('D:\\Conte\xC3\xBAdo da...')
#6 D:\Conteúdo da Faculdade\Sétimo Semestre\Breno Lisi Romano\SVN-PIDC7-Felipe José\desenvolvimento\comum\Sprint-int01\system\View\View.php(216): CodeIgniter\View\View->CodeIgniter\View\{closure}()
#7 D:\Conteúdo da Faculdade\Sétimo Semestre\Breno Lisi Romano\SVN-PIDC7-Felipe José\desenvolvimento\comum\Sprint-int01\system\Common.php(1137): CodeIgniter\View\View->render('/pagamentos/lis...', Array, true)
#8 D:\Conteúdo da Faculdade\Sétimo Semestre\Breno Lisi Romano\SVN-PIDC7-Felipe José\desenvolvimento\comum\Sprint-int01\app\Controllers\PagamentosController.php(42): view('/pagamentos/lis...')
#9 D:\Conteúdo da Faculdade\Sétimo Semestre\Breno Lisi Romano\SVN-PIDC7-Felipe José\desenvolvimento\comum\Sprint-int01\system\CodeIgniter.php(898): App\Controllers\PagamentosController->listarMedicosAPagar()
#10 D:\Conteúdo da Faculdade\Sétimo Semestre\Breno Lisi Romano\SVN-PIDC7-Felipe José\desenvolvimento\comum\Sprint-int01\system\CodeIgniter.php(457): CodeIgniter\CodeIgniter->runController(Object(App\Controllers\PagamentosController))
#11 D:\Conteúdo da Faculdade\Sétimo Semestre\Breno Lisi Romano\SVN-PIDC7-Felipe José\desenvolvimento\comum\Sprint-int01\system\CodeIgniter.php(340): CodeIgniter\CodeIgniter->handleRequest(NULL, Object(Config\Cache), false)
#12 D:\Conteúdo da Faculdade\Sétimo Semestre\Breno Lisi Romano\SVN-PIDC7-Felipe José\desenvolvimento\comum\Sprint-int01\public\index.php(67): CodeIgniter\CodeIgniter->run()
#13 D:\Conteúdo da Faculdade\Sétimo Semestre\Breno Lisi Romano\SVN-PIDC7-Felipe José\desenvolvimento\comum\Sprint-int01\system\Commands\Server\rewrite.php(43): require_once('D:\\Conte\xC3\xBAdo da...')
#14 {main}
CRITICAL - 2022-10-22 14:05:20 --> Unknown column 'pl.PLN_NOME' in 'field list'
in SYSTEMPATH\Database\MySQLi\Connection.php on line 292.
 1 SYSTEMPATH\Database\MySQLi\Connection.php(292): mysqli->query('SELECT ppM.*, uc.USC_NOME, uc.USC_CPF, pl.PLN_NOME, uc.USC_ID FROM pagamentos_medicos AS ppM, medicos AS m, funcionarios AS fun, usuario_comum AS uc WHERE ppM.FK_MEDICOS_MED_ID = m.MED_ID AND m.FK_FUNCIONARIOS_FUN_ID = fun.FUN_ID AND ppM.DATA_PAGAMENTO_REALIZADO = null', 0)
 2 SYSTEMPATH\Database\BaseConnection.php(693): CodeIgniter\Database\MySQLi\Connection->execute('SELECT ppM.*, uc.USC_NOME, uc.USC_CPF, pl.PLN_NOME, uc.USC_ID FROM pagamentos_medicos AS ppM, medicos AS m, funcionarios AS fun, usuario_comum AS uc WHERE ppM.FK_MEDICOS_MED_ID = m.MED_ID AND m.FK_FUNCIONARIOS_FUN_ID = fun.FUN_ID AND ppM.DATA_PAGAMENTO_REALIZADO = null')
 3 SYSTEMPATH\Database\BaseConnection.php(620): CodeIgniter\Database\BaseConnection->simpleQuery('SELECT ppM.*, uc.USC_NOME, uc.USC_CPF, pl.PLN_NOME, uc.USC_ID FROM pagamentos_medicos AS ppM, medicos AS m, funcionarios AS fun, usuario_comum AS uc WHERE ppM.FK_MEDICOS_MED_ID = m.MED_ID AND m.FK_FUNCIONARIOS_FUN_ID = fun.FUN_ID AND ppM.DATA_PAGAMENTO_REALIZADO = null')
 4 APPPATH\Models\PagamentosMedicosModel.php(98): CodeIgniter\Database\BaseConnection->query('SELECT ppM.*, uc.USC_NOME, uc.USC_CPF, pl.PLN_NOME, uc.USC_ID FROM pagamentos_medicos AS ppM, medicos AS m, funcionarios AS fun, usuario_comum AS uc WHERE ppM.FK_MEDICOS_MED_ID = m.MED_ID AND m.FK_FUNCIONARIOS_FUN_ID = fun.FUN_ID AND ppM.DATA_PAGAMENTO_REALIZADO = null')
 5 APPPATH\Views\pagamentos\list_medicos_aberto.php(29): App\Models\PagamentosMedicosModel->medicosInadimplentes()
 6 SYSTEMPATH\View\View.php(213): include('APPPATH\\Views\\pagamentos\\list_medicos_aberto.php')
 7 SYSTEMPATH\View\View.php(216): CodeIgniter\View\View->CodeIgniter\View\{closure}()
 8 SYSTEMPATH\Common.php(1137): CodeIgniter\View\View->render('/pagamentos/list_medicos_aberto.php', [], true)
 9 APPPATH\Controllers\PagamentosController.php(42): view('/pagamentos/list_medicos_aberto.php')
10 SYSTEMPATH\CodeIgniter.php(898): App\Controllers\PagamentosController->listarMedicosAPagar()
11 SYSTEMPATH\CodeIgniter.php(457): CodeIgniter\CodeIgniter->runController(Object(App\Controllers\PagamentosController))
12 SYSTEMPATH\CodeIgniter.php(340): CodeIgniter\CodeIgniter->handleRequest(null, Object(Config\Cache), false)
13 FCPATH\index.php(67): CodeIgniter\CodeIgniter->run()
14 SYSTEMPATH\Commands\Server\rewrite.php(43): require_once('FCPATH\\index.php')
ERROR - 2022-10-22 14:08:03 --> mysqli_sql_exception: Unknown column 'ppM.DATA_PAGAMENTO_REALIZADO' in 'where clause' in D:\Conteúdo da Faculdade\Sétimo Semestre\Breno Lisi Romano\SVN-PIDC7-Felipe José\desenvolvimento\comum\Sprint-int01\system\Database\MySQLi\Connection.php:292
Stack trace:
#0 D:\Conteúdo da Faculdade\Sétimo Semestre\Breno Lisi Romano\SVN-PIDC7-Felipe José\desenvolvimento\comum\Sprint-int01\system\Database\MySQLi\Connection.php(292): mysqli->query('SELECT ppM.*, u...', 0)
#1 D:\Conteúdo da Faculdade\Sétimo Semestre\Breno Lisi Romano\SVN-PIDC7-Felipe José\desenvolvimento\comum\Sprint-int01\system\Database\BaseConnection.php(693): CodeIgniter\Database\MySQLi\Connection->execute('SELECT ppM.*, u...')
#2 D:\Conteúdo da Faculdade\Sétimo Semestre\Breno Lisi Romano\SVN-PIDC7-Felipe José\desenvolvimento\comum\Sprint-int01\system\Database\BaseConnection.php(620): CodeIgniter\Database\BaseConnection->simpleQuery('SELECT ppM.*, u...')
#3 D:\Conteúdo da Faculdade\Sétimo Semestre\Breno Lisi Romano\SVN-PIDC7-Felipe José\desenvolvimento\comum\Sprint-int01\app\Models\PagamentosMedicosModel.php(98): CodeIgniter\Database\BaseConnection->query('SELECT ppM.*, u...')
#4 D:\Conteúdo da Faculdade\Sétimo Semestre\Breno Lisi Romano\SVN-PIDC7-Felipe José\desenvolvimento\comum\Sprint-int01\app\Views\pagamentos\list_medicos_aberto.php(29): App\Models\PagamentosMedicosModel->medicosInadimplentes()
#5 D:\Conteúdo da Faculdade\Sétimo Semestre\Breno Lisi Romano\SVN-PIDC7-Felipe José\desenvolvimento\comum\Sprint-int01\system\View\View.php(213): include('D:\\Conte\xC3\xBAdo da...')
#6 D:\Conteúdo da Faculdade\Sétimo Semestre\Breno Lisi Romano\SVN-PIDC7-Felipe José\desenvolvimento\comum\Sprint-int01\system\View\View.php(216): CodeIgniter\View\View->CodeIgniter\View\{closure}()
#7 D:\Conteúdo da Faculdade\Sétimo Semestre\Breno Lisi Romano\SVN-PIDC7-Felipe José\desenvolvimento\comum\Sprint-int01\system\Common.php(1137): CodeIgniter\View\View->render('/pagamentos/lis...', Array, true)
#8 D:\Conteúdo da Faculdade\Sétimo Semestre\Breno Lisi Romano\SVN-PIDC7-Felipe José\desenvolvimento\comum\Sprint-int01\app\Controllers\PagamentosController.php(42): view('/pagamentos/lis...')
#9 D:\Conteúdo da Faculdade\Sétimo Semestre\Breno Lisi Romano\SVN-PIDC7-Felipe José\desenvolvimento\comum\Sprint-int01\system\CodeIgniter.php(898): App\Controllers\PagamentosController->listarMedicosAPagar()
#10 D:\Conteúdo da Faculdade\Sétimo Semestre\Breno Lisi Romano\SVN-PIDC7-Felipe José\desenvolvimento\comum\Sprint-int01\system\CodeIgniter.php(457): CodeIgniter\CodeIgniter->runController(Object(App\Controllers\PagamentosController))
#11 D:\Conteúdo da Faculdade\Sétimo Semestre\Breno Lisi Romano\SVN-PIDC7-Felipe José\desenvolvimento\comum\Sprint-int01\system\CodeIgniter.php(340): CodeIgniter\CodeIgniter->handleRequest(NULL, Object(Config\Cache), false)
#12 D:\Conteúdo da Faculdade\Sétimo Semestre\Breno Lisi Romano\SVN-PIDC7-Felipe José\desenvolvimento\comum\Sprint-int01\public\index.php(67): CodeIgniter\CodeIgniter->run()
#13 D:\Conteúdo da Faculdade\Sétimo Semestre\Breno Lisi Romano\SVN-PIDC7-Felipe José\desenvolvimento\comum\Sprint-int01\system\Commands\Server\rewrite.php(43): require_once('D:\\Conte\xC3\xBAdo da...')
#14 {main}
CRITICAL - 2022-10-22 14:08:03 --> Unknown column 'ppM.DATA_PAGAMENTO_REALIZADO' in 'where clause'
in SYSTEMPATH\Database\MySQLi\Connection.php on line 292.
 1 SYSTEMPATH\Database\MySQLi\Connection.php(292): mysqli->query('SELECT ppM.*, uc.USC_NOME, uc.USC_CPF, uc.USC_ID, fun.FUN_PRONTUARIO FROM pagamentos_medicos AS ppM, medicos AS m, funcionarios AS fun, usuario_comum AS uc WHERE ppM.FK_MEDICOS_MED_ID = m.MED_ID AND m.FK_FUNCIONARIOS_FUN_ID = fun.FUN_ID AND ppM.DATA_PAGAMENTO_REALIZADO = null', 0)
 2 SYSTEMPATH\Database\BaseConnection.php(693): CodeIgniter\Database\MySQLi\Connection->execute('SELECT ppM.*, uc.USC_NOME, uc.USC_CPF, uc.USC_ID, fun.FUN_PRONTUARIO FROM pagamentos_medicos AS ppM, medicos AS m, funcionarios AS fun, usuario_comum AS uc WHERE ppM.FK_MEDICOS_MED_ID = m.MED_ID AND m.FK_FUNCIONARIOS_FUN_ID = fun.FUN_ID AND ppM.DATA_PAGAMENTO_REALIZADO = null')
 3 SYSTEMPATH\Database\BaseConnection.php(620): CodeIgniter\Database\BaseConnection->simpleQuery('SELECT ppM.*, uc.USC_NOME, uc.USC_CPF, uc.USC_ID, fun.FUN_PRONTUARIO FROM pagamentos_medicos AS ppM, medicos AS m, funcionarios AS fun, usuario_comum AS uc WHERE ppM.FK_MEDICOS_MED_ID = m.MED_ID AND m.FK_FUNCIONARIOS_FUN_ID = fun.FUN_ID AND ppM.DATA_PAGAMENTO_REALIZADO = null')
 4 APPPATH\Models\PagamentosMedicosModel.php(98): CodeIgniter\Database\BaseConnection->query('SELECT ppM.*, uc.USC_NOME, uc.USC_CPF, uc.USC_ID, fun.FUN_PRONTUARIO FROM pagamentos_medicos AS ppM, medicos AS m, funcionarios AS fun, usuario_comum AS uc WHERE ppM.FK_MEDICOS_MED_ID = m.MED_ID AND m.FK_FUNCIONARIOS_FUN_ID = fun.FUN_ID AND ppM.DATA_PAGAMENTO_REALIZADO = null')
 5 APPPATH\Views\pagamentos\list_medicos_aberto.php(29): App\Models\PagamentosMedicosModel->medicosInadimplentes()
 6 SYSTEMPATH\View\View.php(213): include('APPPATH\\Views\\pagamentos\\list_medicos_aberto.php')
 7 SYSTEMPATH\View\View.php(216): CodeIgniter\View\View->CodeIgniter\View\{closure}()
 8 SYSTEMPATH\Common.php(1137): CodeIgniter\View\View->render('/pagamentos/list_medicos_aberto.php', [], true)
 9 APPPATH\Controllers\PagamentosController.php(42): view('/pagamentos/list_medicos_aberto.php')
10 SYSTEMPATH\CodeIgniter.php(898): App\Controllers\PagamentosController->listarMedicosAPagar()
11 SYSTEMPATH\CodeIgniter.php(457): CodeIgniter\CodeIgniter->runController(Object(App\Controllers\PagamentosController))
12 SYSTEMPATH\CodeIgniter.php(340): CodeIgniter\CodeIgniter->handleRequest(null, Object(Config\Cache), false)
13 FCPATH\index.php(67): CodeIgniter\CodeIgniter->run()
14 SYSTEMPATH\Commands\Server\rewrite.php(43): require_once('FCPATH\\index.php')
CRITICAL - 2022-10-22 14:11:08 --> Undefined property: stdClass::$PGD_ID
in APPPATH\Views\pagamentos\list_medicos_aberto.php on line 154.
 1 APPPATH\Views\pagamentos\list_medicos_aberto.php(154): CodeIgniter\Debug\Exceptions->errorHandler(2, 'Undefined property: stdClass::$PGD_ID', 'APPPATH\\Views\\pagamentos\\list_medicos_aberto.php', 154)
 2 SYSTEMPATH\View\View.php(213): include('APPPATH\\Views\\pagamentos\\list_medicos_aberto.php')
 3 SYSTEMPATH\View\View.php(216): CodeIgniter\View\View->CodeIgniter\View\{closure}()
 4 SYSTEMPATH\Common.php(1137): CodeIgniter\View\View->render('/pagamentos/list_medicos_aberto.php', [], true)
 5 APPPATH\Controllers\PagamentosController.php(42): view('/pagamentos/list_medicos_aberto.php')
 6 SYSTEMPATH\CodeIgniter.php(898): App\Controllers\PagamentosController->listarMedicosAPagar()
 7 SYSTEMPATH\CodeIgniter.php(457): CodeIgniter\CodeIgniter->runController(Object(App\Controllers\PagamentosController))
 8 SYSTEMPATH\CodeIgniter.php(340): CodeIgniter\CodeIgniter->handleRequest(null, Object(Config\Cache), false)
 9 FCPATH\index.php(67): CodeIgniter\CodeIgniter->run()
10 SYSTEMPATH\Commands\Server\rewrite.php(43): require_once('FCPATH\\index.php')
ERROR - 2022-10-22 14:17:07 --> mysqli_sql_exception: You have an error in your SQL syntax; check the manual that corresponds to your MariaDB server version for the right syntax to use near 'AND ppM.PGM_DATA_PAGAMENTO_REALIZADO != 0' at line 1 in D:\Conteúdo da Faculdade\Sétimo Semestre\Breno Lisi Romano\SVN-PIDC7-Felipe José\desenvolvimento\comum\Sprint-int01\system\Database\MySQLi\Connection.php:292
Stack trace:
#0 D:\Conteúdo da Faculdade\Sétimo Semestre\Breno Lisi Romano\SVN-PIDC7-Felipe José\desenvolvimento\comum\Sprint-int01\system\Database\MySQLi\Connection.php(292): mysqli->query('SELECT ppM.*, u...', 0)
#1 D:\Conteúdo da Faculdade\Sétimo Semestre\Breno Lisi Romano\SVN-PIDC7-Felipe José\desenvolvimento\comum\Sprint-int01\system\Database\BaseConnection.php(693): CodeIgniter\Database\MySQLi\Connection->execute('SELECT ppM.*, u...')
#2 D:\Conteúdo da Faculdade\Sétimo Semestre\Breno Lisi Romano\SVN-PIDC7-Felipe José\desenvolvimento\comum\Sprint-int01\system\Database\BaseConnection.php(620): CodeIgniter\Database\BaseConnection->simpleQuery('SELECT ppM.*, u...')
#3 D:\Conteúdo da Faculdade\Sétimo Semestre\Breno Lisi Romano\SVN-PIDC7-Felipe José\desenvolvimento\comum\Sprint-int01\app\Models\PagamentosMedicosModel.php(98): CodeIgniter\Database\BaseConnection->query('SELECT ppM.*, u...')
#4 D:\Conteúdo da Faculdade\Sétimo Semestre\Breno Lisi Romano\SVN-PIDC7-Felipe José\desenvolvimento\comum\Sprint-int01\app\Views\pagamentos\list_medicos_aberto.php(29): App\Models\PagamentosMedicosModel->medicosInadimplentes()
#5 D:\Conteúdo da Faculdade\Sétimo Semestre\Breno Lisi Romano\SVN-PIDC7-Felipe José\desenvolvimento\comum\Sprint-int01\system\View\View.php(213): include('D:\\Conte\xC3\xBAdo da...')
#6 D:\Conteúdo da Faculdade\Sétimo Semestre\Breno Lisi Romano\SVN-PIDC7-Felipe José\desenvolvimento\comum\Sprint-int01\system\View\View.php(216): CodeIgniter\View\View->CodeIgniter\View\{closure}()
#7 D:\Conteúdo da Faculdade\Sétimo Semestre\Breno Lisi Romano\SVN-PIDC7-Felipe José\desenvolvimento\comum\Sprint-int01\system\Common.php(1137): CodeIgniter\View\View->render('/pagamentos/lis...', Array, true)
#8 D:\Conteúdo da Faculdade\Sétimo Semestre\Breno Lisi Romano\SVN-PIDC7-Felipe José\desenvolvimento\comum\Sprint-int01\app\Controllers\PagamentosController.php(42): view('/pagamentos/lis...')
#9 D:\Conteúdo da Faculdade\Sétimo Semestre\Breno Lisi Romano\SVN-PIDC7-Felipe José\desenvolvimento\comum\Sprint-int01\system\CodeIgniter.php(898): App\Controllers\PagamentosController->listarMedicosAPagar()
#10 D:\Conteúdo da Faculdade\Sétimo Semestre\Breno Lisi Romano\SVN-PIDC7-Felipe José\desenvolvimento\comum\Sprint-int01\system\CodeIgniter.php(457): CodeIgniter\CodeIgniter->runController(Object(App\Controllers\PagamentosController))
#11 D:\Conteúdo da Faculdade\Sétimo Semestre\Breno Lisi Romano\SVN-PIDC7-Felipe José\desenvolvimento\comum\Sprint-int01\system\CodeIgniter.php(340): CodeIgniter\CodeIgniter->handleRequest(NULL, Object(Config\Cache), false)
#12 D:\Conteúdo da Faculdade\Sétimo Semestre\Breno Lisi Romano\SVN-PIDC7-Felipe José\desenvolvimento\comum\Sprint-int01\public\index.php(67): CodeIgniter\CodeIgniter->run()
#13 D:\Conteúdo da Faculdade\Sétimo Semestre\Breno Lisi Romano\SVN-PIDC7-Felipe José\desenvolvimento\comum\Sprint-int01\system\Commands\Server\rewrite.php(43): require_once('D:\\Conte\xC3\xBAdo da...')
#14 {main}
CRITICAL - 2022-10-22 14:17:07 --> You have an error in your SQL syntax; check the manual that corresponds to your MariaDB server version for the right syntax to use near 'AND ppM.PGM_DATA_PAGAMENTO_REALIZADO != 0' at line 1
in SYSTEMPATH\Database\MySQLi\Connection.php on line 292.
 1 SYSTEMPATH\Database\MySQLi\Connection.php(292): mysqli->query('SELECT ppM.*, uc.USC_NOME, uc.USC_CPF, uc.USC_ID, fun.FUN_PRONTUARIO FROM pagamentos_medicos AS ppM, medicos AS m, funcionarios AS fun, usuario_comum AS uc WHERE ppM.FK_MEDICOS_MED_ID = m.MED_ID AND m.FK_FUNCIONARIOS_FUN_ID = fun.FUN_ID AND AND ppM.PGM_DATA_PAGAMENTO_REALIZADO != 0', 0)
 2 SYSTEMPATH\Database\BaseConnection.php(693): CodeIgniter\Database\MySQLi\Connection->execute('SELECT ppM.*, uc.USC_NOME, uc.USC_CPF, uc.USC_ID, fun.FUN_PRONTUARIO FROM pagamentos_medicos AS ppM, medicos AS m, funcionarios AS fun, usuario_comum AS uc WHERE ppM.FK_MEDICOS_MED_ID = m.MED_ID AND m.FK_FUNCIONARIOS_FUN_ID = fun.FUN_ID AND AND ppM.PGM_DATA_PAGAMENTO_REALIZADO != 0')
 3 SYSTEMPATH\Database\BaseConnection.php(620): CodeIgniter\Database\BaseConnection->simpleQuery('SELECT ppM.*, uc.USC_NOME, uc.USC_CPF, uc.USC_ID, fun.FUN_PRONTUARIO FROM pagamentos_medicos AS ppM, medicos AS m, funcionarios AS fun, usuario_comum AS uc WHERE ppM.FK_MEDICOS_MED_ID = m.MED_ID AND m.FK_FUNCIONARIOS_FUN_ID = fun.FUN_ID AND AND ppM.PGM_DATA_PAGAMENTO_REALIZADO != 0')
 4 APPPATH\Models\PagamentosMedicosModel.php(98): CodeIgniter\Database\BaseConnection->query('SELECT ppM.*, uc.USC_NOME, uc.USC_CPF, uc.USC_ID, fun.FUN_PRONTUARIO FROM pagamentos_medicos AS ppM, medicos AS m, funcionarios AS fun, usuario_comum AS uc WHERE ppM.FK_MEDICOS_MED_ID = m.MED_ID AND m.FK_FUNCIONARIOS_FUN_ID = fun.FUN_ID AND AND ppM.PGM_DATA_PAGAMENTO_REALIZADO != 0')
 5 APPPATH\Views\pagamentos\list_medicos_aberto.php(29): App\Models\PagamentosMedicosModel->medicosInadimplentes()
 6 SYSTEMPATH\View\View.php(213): include('APPPATH\\Views\\pagamentos\\list_medicos_aberto.php')
 7 SYSTEMPATH\View\View.php(216): CodeIgniter\View\View->CodeIgniter\View\{closure}()
 8 SYSTEMPATH\Common.php(1137): CodeIgniter\View\View->render('/pagamentos/list_medicos_aberto.php', [], true)
 9 APPPATH\Controllers\PagamentosController.php(42): view('/pagamentos/list_medicos_aberto.php')
10 SYSTEMPATH\CodeIgniter.php(898): App\Controllers\PagamentosController->listarMedicosAPagar()
11 SYSTEMPATH\CodeIgniter.php(457): CodeIgniter\CodeIgniter->runController(Object(App\Controllers\PagamentosController))
12 SYSTEMPATH\CodeIgniter.php(340): CodeIgniter\CodeIgniter->handleRequest(null, Object(Config\Cache), false)
13 FCPATH\index.php(67): CodeIgniter\CodeIgniter->run()
14 SYSTEMPATH\Commands\Server\rewrite.php(43): require_once('FCPATH\\index.php')
ERROR - 2022-10-22 14:17:33 --> mysqli_sql_exception: You have an error in your SQL syntax; check the manual that corresponds to your MariaDB server version for the right syntax to use near 'AND ppM.PGM_DATA_PAGAMENTO_REALIZADO != NULL' at line 1 in D:\Conteúdo da Faculdade\Sétimo Semestre\Breno Lisi Romano\SVN-PIDC7-Felipe José\desenvolvimento\comum\Sprint-int01\system\Database\MySQLi\Connection.php:292
Stack trace:
#0 D:\Conteúdo da Faculdade\Sétimo Semestre\Breno Lisi Romano\SVN-PIDC7-Felipe José\desenvolvimento\comum\Sprint-int01\system\Database\MySQLi\Connection.php(292): mysqli->query('SELECT ppM.*, u...', 0)
#1 D:\Conteúdo da Faculdade\Sétimo Semestre\Breno Lisi Romano\SVN-PIDC7-Felipe José\desenvolvimento\comum\Sprint-int01\system\Database\BaseConnection.php(693): CodeIgniter\Database\MySQLi\Connection->execute('SELECT ppM.*, u...')
#2 D:\Conteúdo da Faculdade\Sétimo Semestre\Breno Lisi Romano\SVN-PIDC7-Felipe José\desenvolvimento\comum\Sprint-int01\system\Database\BaseConnection.php(620): CodeIgniter\Database\BaseConnection->simpleQuery('SELECT ppM.*, u...')
#3 D:\Conteúdo da Faculdade\Sétimo Semestre\Breno Lisi Romano\SVN-PIDC7-Felipe José\desenvolvimento\comum\Sprint-int01\app\Models\PagamentosMedicosModel.php(98): CodeIgniter\Database\BaseConnection->query('SELECT ppM.*, u...')
#4 D:\Conteúdo da Faculdade\Sétimo Semestre\Breno Lisi Romano\SVN-PIDC7-Felipe José\desenvolvimento\comum\Sprint-int01\app\Views\pagamentos\list_medicos_aberto.php(29): App\Models\PagamentosMedicosModel->medicosInadimplentes()
#5 D:\Conteúdo da Faculdade\Sétimo Semestre\Breno Lisi Romano\SVN-PIDC7-Felipe José\desenvolvimento\comum\Sprint-int01\system\View\View.php(213): include('D:\\Conte\xC3\xBAdo da...')
#6 D:\Conteúdo da Faculdade\Sétimo Semestre\Breno Lisi Romano\SVN-PIDC7-Felipe José\desenvolvimento\comum\Sprint-int01\system\View\View.php(216): CodeIgniter\View\View->CodeIgniter\View\{closure}()
#7 D:\Conteúdo da Faculdade\Sétimo Semestre\Breno Lisi Romano\SVN-PIDC7-Felipe José\desenvolvimento\comum\Sprint-int01\system\Common.php(1137): CodeIgniter\View\View->render('/pagamentos/lis...', Array, true)
#8 D:\Conteúdo da Faculdade\Sétimo Semestre\Breno Lisi Romano\SVN-PIDC7-Felipe José\desenvolvimento\comum\Sprint-int01\app\Controllers\PagamentosController.php(42): view('/pagamentos/lis...')
#9 D:\Conteúdo da Faculdade\Sétimo Semestre\Breno Lisi Romano\SVN-PIDC7-Felipe José\desenvolvimento\comum\Sprint-int01\system\CodeIgniter.php(898): App\Controllers\PagamentosController->listarMedicosAPagar()
#10 D:\Conteúdo da Faculdade\Sétimo Semestre\Breno Lisi Romano\SVN-PIDC7-Felipe José\desenvolvimento\comum\Sprint-int01\system\CodeIgniter.php(457): CodeIgniter\CodeIgniter->runController(Object(App\Controllers\PagamentosController))
#11 D:\Conteúdo da Faculdade\Sétimo Semestre\Breno Lisi Romano\SVN-PIDC7-Felipe José\desenvolvimento\comum\Sprint-int01\system\CodeIgniter.php(340): CodeIgniter\CodeIgniter->handleRequest(NULL, Object(Config\Cache), false)
#12 D:\Conteúdo da Faculdade\Sétimo Semestre\Breno Lisi Romano\SVN-PIDC7-Felipe José\desenvolvimento\comum\Sprint-int01\public\index.php(67): CodeIgniter\CodeIgniter->run()
#13 D:\Conteúdo da Faculdade\Sétimo Semestre\Breno Lisi Romano\SVN-PIDC7-Felipe José\desenvolvimento\comum\Sprint-int01\system\Commands\Server\rewrite.php(43): require_once('D:\\Conte\xC3\xBAdo da...')
#14 {main}
CRITICAL - 2022-10-22 14:17:33 --> You have an error in your SQL syntax; check the manual that corresponds to your MariaDB server version for the right syntax to use near 'AND ppM.PGM_DATA_PAGAMENTO_REALIZADO != NULL' at line 1
in SYSTEMPATH\Database\MySQLi\Connection.php on line 292.
 1 SYSTEMPATH\Database\MySQLi\Connection.php(292): mysqli->query('SELECT ppM.*, uc.USC_NOME, uc.USC_CPF, uc.USC_ID, fun.FUN_PRONTUARIO FROM pagamentos_medicos AS ppM, medicos AS m, funcionarios AS fun, usuario_comum AS uc WHERE ppM.FK_MEDICOS_MED_ID = m.MED_ID AND m.FK_FUNCIONARIOS_FUN_ID = fun.FUN_ID AND AND ppM.PGM_DATA_PAGAMENTO_REALIZADO != NULL', 0)
 2 SYSTEMPATH\Database\BaseConnection.php(693): CodeIgniter\Database\MySQLi\Connection->execute('SELECT ppM.*, uc.USC_NOME, uc.USC_CPF, uc.USC_ID, fun.FUN_PRONTUARIO FROM pagamentos_medicos AS ppM, medicos AS m, funcionarios AS fun, usuario_comum AS uc WHERE ppM.FK_MEDICOS_MED_ID = m.MED_ID AND m.FK_FUNCIONARIOS_FUN_ID = fun.FUN_ID AND AND ppM.PGM_DATA_PAGAMENTO_REALIZADO != NULL')
 3 SYSTEMPATH\Database\BaseConnection.php(620): CodeIgniter\Database\BaseConnection->simpleQuery('SELECT ppM.*, uc.USC_NOME, uc.USC_CPF, uc.USC_ID, fun.FUN_PRONTUARIO FROM pagamentos_medicos AS ppM, medicos AS m, funcionarios AS fun, usuario_comum AS uc WHERE ppM.FK_MEDICOS_MED_ID = m.MED_ID AND m.FK_FUNCIONARIOS_FUN_ID = fun.FUN_ID AND AND ppM.PGM_DATA_PAGAMENTO_REALIZADO != NULL')
 4 APPPATH\Models\PagamentosMedicosModel.php(98): CodeIgniter\Database\BaseConnection->query('SELECT ppM.*, uc.USC_NOME, uc.USC_CPF, uc.USC_ID, fun.FUN_PRONTUARIO FROM pagamentos_medicos AS ppM, medicos AS m, funcionarios AS fun, usuario_comum AS uc WHERE ppM.FK_MEDICOS_MED_ID = m.MED_ID AND m.FK_FUNCIONARIOS_FUN_ID = fun.FUN_ID AND AND ppM.PGM_DATA_PAGAMENTO_REALIZADO != NULL')
 5 APPPATH\Views\pagamentos\list_medicos_aberto.php(29): App\Models\PagamentosMedicosModel->medicosInadimplentes()
 6 SYSTEMPATH\View\View.php(213): include('APPPATH\\Views\\pagamentos\\list_medicos_aberto.php')
 7 SYSTEMPATH\View\View.php(216): CodeIgniter\View\View->CodeIgniter\View\{closure}()
 8 SYSTEMPATH\Common.php(1137): CodeIgniter\View\View->render('/pagamentos/list_medicos_aberto.php', [], true)
 9 APPPATH\Controllers\PagamentosController.php(42): view('/pagamentos/list_medicos_aberto.php')
10 SYSTEMPATH\CodeIgniter.php(898): App\Controllers\PagamentosController->listarMedicosAPagar()
11 SYSTEMPATH\CodeIgniter.php(457): CodeIgniter\CodeIgniter->runController(Object(App\Controllers\PagamentosController))
12 SYSTEMPATH\CodeIgniter.php(340): CodeIgniter\CodeIgniter->handleRequest(null, Object(Config\Cache), false)
13 FCPATH\index.php(67): CodeIgniter\CodeIgniter->run()
14 SYSTEMPATH\Commands\Server\rewrite.php(43): require_once('FCPATH\\index.php')
ERROR - 2022-10-22 14:17:35 --> mysqli_sql_exception: You have an error in your SQL syntax; check the manual that corresponds to your MariaDB server version for the right syntax to use near 'AND ppM.PGM_DATA_PAGAMENTO_REALIZADO != NULL' at line 1 in D:\Conteúdo da Faculdade\Sétimo Semestre\Breno Lisi Romano\SVN-PIDC7-Felipe José\desenvolvimento\comum\Sprint-int01\system\Database\MySQLi\Connection.php:292
Stack trace:
#0 D:\Conteúdo da Faculdade\Sétimo Semestre\Breno Lisi Romano\SVN-PIDC7-Felipe José\desenvolvimento\comum\Sprint-int01\system\Database\MySQLi\Connection.php(292): mysqli->query('SELECT ppM.*, u...', 0)
#1 D:\Conteúdo da Faculdade\Sétimo Semestre\Breno Lisi Romano\SVN-PIDC7-Felipe José\desenvolvimento\comum\Sprint-int01\system\Database\BaseConnection.php(693): CodeIgniter\Database\MySQLi\Connection->execute('SELECT ppM.*, u...')
#2 D:\Conteúdo da Faculdade\Sétimo Semestre\Breno Lisi Romano\SVN-PIDC7-Felipe José\desenvolvimento\comum\Sprint-int01\system\Database\BaseConnection.php(620): CodeIgniter\Database\BaseConnection->simpleQuery('SELECT ppM.*, u...')
#3 D:\Conteúdo da Faculdade\Sétimo Semestre\Breno Lisi Romano\SVN-PIDC7-Felipe José\desenvolvimento\comum\Sprint-int01\app\Models\PagamentosMedicosModel.php(98): CodeIgniter\Database\BaseConnection->query('SELECT ppM.*, u...')
#4 D:\Conteúdo da Faculdade\Sétimo Semestre\Breno Lisi Romano\SVN-PIDC7-Felipe José\desenvolvimento\comum\Sprint-int01\app\Views\pagamentos\list_medicos_aberto.php(29): App\Models\PagamentosMedicosModel->medicosInadimplentes()
#5 D:\Conteúdo da Faculdade\Sétimo Semestre\Breno Lisi Romano\SVN-PIDC7-Felipe José\desenvolvimento\comum\Sprint-int01\system\View\View.php(213): include('D:\\Conte\xC3\xBAdo da...')
#6 D:\Conteúdo da Faculdade\Sétimo Semestre\Breno Lisi Romano\SVN-PIDC7-Felipe José\desenvolvimento\comum\Sprint-int01\system\View\View.php(216): CodeIgniter\View\View->CodeIgniter\View\{closure}()
#7 D:\Conteúdo da Faculdade\Sétimo Semestre\Breno Lisi Romano\SVN-PIDC7-Felipe José\desenvolvimento\comum\Sprint-int01\system\Common.php(1137): CodeIgniter\View\View->render('/pagamentos/lis...', Array, true)
#8 D:\Conteúdo da Faculdade\Sétimo Semestre\Breno Lisi Romano\SVN-PIDC7-Felipe José\desenvolvimento\comum\Sprint-int01\app\Controllers\PagamentosController.php(42): view('/pagamentos/lis...')
#9 D:\Conteúdo da Faculdade\Sétimo Semestre\Breno Lisi Romano\SVN-PIDC7-Felipe José\desenvolvimento\comum\Sprint-int01\system\CodeIgniter.php(898): App\Controllers\PagamentosController->listarMedicosAPagar()
#10 D:\Conteúdo da Faculdade\Sétimo Semestre\Breno Lisi Romano\SVN-PIDC7-Felipe José\desenvolvimento\comum\Sprint-int01\system\CodeIgniter.php(457): CodeIgniter\CodeIgniter->runController(Object(App\Controllers\PagamentosController))
#11 D:\Conteúdo da Faculdade\Sétimo Semestre\Breno Lisi Romano\SVN-PIDC7-Felipe José\desenvolvimento\comum\Sprint-int01\system\CodeIgniter.php(340): CodeIgniter\CodeIgniter->handleRequest(NULL, Object(Config\Cache), false)
#12 D:\Conteúdo da Faculdade\Sétimo Semestre\Breno Lisi Romano\SVN-PIDC7-Felipe José\desenvolvimento\comum\Sprint-int01\public\index.php(67): CodeIgniter\CodeIgniter->run()
#13 D:\Conteúdo da Faculdade\Sétimo Semestre\Breno Lisi Romano\SVN-PIDC7-Felipe José\desenvolvimento\comum\Sprint-int01\system\Commands\Server\rewrite.php(43): require_once('D:\\Conte\xC3\xBAdo da...')
#14 {main}
CRITICAL - 2022-10-22 14:17:35 --> You have an error in your SQL syntax; check the manual that corresponds to your MariaDB server version for the right syntax to use near 'AND ppM.PGM_DATA_PAGAMENTO_REALIZADO != NULL' at line 1
in SYSTEMPATH\Database\MySQLi\Connection.php on line 292.
 1 SYSTEMPATH\Database\MySQLi\Connection.php(292): mysqli->query('SELECT ppM.*, uc.USC_NOME, uc.USC_CPF, uc.USC_ID, fun.FUN_PRONTUARIO FROM pagamentos_medicos AS ppM, medicos AS m, funcionarios AS fun, usuario_comum AS uc WHERE ppM.FK_MEDICOS_MED_ID = m.MED_ID AND m.FK_FUNCIONARIOS_FUN_ID = fun.FUN_ID AND AND ppM.PGM_DATA_PAGAMENTO_REALIZADO != NULL', 0)
 2 SYSTEMPATH\Database\BaseConnection.php(693): CodeIgniter\Database\MySQLi\Connection->execute('SELECT ppM.*, uc.USC_NOME, uc.USC_CPF, uc.USC_ID, fun.FUN_PRONTUARIO FROM pagamentos_medicos AS ppM, medicos AS m, funcionarios AS fun, usuario_comum AS uc WHERE ppM.FK_MEDICOS_MED_ID = m.MED_ID AND m.FK_FUNCIONARIOS_FUN_ID = fun.FUN_ID AND AND ppM.PGM_DATA_PAGAMENTO_REALIZADO != NULL')
 3 SYSTEMPATH\Database\BaseConnection.php(620): CodeIgniter\Database\BaseConnection->simpleQuery('SELECT ppM.*, uc.USC_NOME, uc.USC_CPF, uc.USC_ID, fun.FUN_PRONTUARIO FROM pagamentos_medicos AS ppM, medicos AS m, funcionarios AS fun, usuario_comum AS uc WHERE ppM.FK_MEDICOS_MED_ID = m.MED_ID AND m.FK_FUNCIONARIOS_FUN_ID = fun.FUN_ID AND AND ppM.PGM_DATA_PAGAMENTO_REALIZADO != NULL')
 4 APPPATH\Models\PagamentosMedicosModel.php(98): CodeIgniter\Database\BaseConnection->query('SELECT ppM.*, uc.USC_NOME, uc.USC_CPF, uc.USC_ID, fun.FUN_PRONTUARIO FROM pagamentos_medicos AS ppM, medicos AS m, funcionarios AS fun, usuario_comum AS uc WHERE ppM.FK_MEDICOS_MED_ID = m.MED_ID AND m.FK_FUNCIONARIOS_FUN_ID = fun.FUN_ID AND AND ppM.PGM_DATA_PAGAMENTO_REALIZADO != NULL')
 5 APPPATH\Views\pagamentos\list_medicos_aberto.php(29): App\Models\PagamentosMedicosModel->medicosInadimplentes()
 6 SYSTEMPATH\View\View.php(213): include('APPPATH\\Views\\pagamentos\\list_medicos_aberto.php')
 7 SYSTEMPATH\View\View.php(216): CodeIgniter\View\View->CodeIgniter\View\{closure}()
 8 SYSTEMPATH\Common.php(1137): CodeIgniter\View\View->render('/pagamentos/list_medicos_aberto.php', [], true)
 9 APPPATH\Controllers\PagamentosController.php(42): view('/pagamentos/list_medicos_aberto.php')
10 SYSTEMPATH\CodeIgniter.php(898): App\Controllers\PagamentosController->listarMedicosAPagar()
11 SYSTEMPATH\CodeIgniter.php(457): CodeIgniter\CodeIgniter->runController(Object(App\Controllers\PagamentosController))
12 SYSTEMPATH\CodeIgniter.php(340): CodeIgniter\CodeIgniter->handleRequest(null, Object(Config\Cache), false)
13 FCPATH\index.php(67): CodeIgniter\CodeIgniter->run()
14 SYSTEMPATH\Commands\Server\rewrite.php(43): require_once('FCPATH\\index.php')
ERROR - 2022-10-22 14:17:36 --> mysqli_sql_exception: You have an error in your SQL syntax; check the manual that corresponds to your MariaDB server version for the right syntax to use near 'AND ppM.PGM_DATA_PAGAMENTO_REALIZADO != NULL' at line 1 in D:\Conteúdo da Faculdade\Sétimo Semestre\Breno Lisi Romano\SVN-PIDC7-Felipe José\desenvolvimento\comum\Sprint-int01\system\Database\MySQLi\Connection.php:292
Stack trace:
#0 D:\Conteúdo da Faculdade\Sétimo Semestre\Breno Lisi Romano\SVN-PIDC7-Felipe José\desenvolvimento\comum\Sprint-int01\system\Database\MySQLi\Connection.php(292): mysqli->query('SELECT ppM.*, u...', 0)
#1 D:\Conteúdo da Faculdade\Sétimo Semestre\Breno Lisi Romano\SVN-PIDC7-Felipe José\desenvolvimento\comum\Sprint-int01\system\Database\BaseConnection.php(693): CodeIgniter\Database\MySQLi\Connection->execute('SELECT ppM.*, u...')
#2 D:\Conteúdo da Faculdade\Sétimo Semestre\Breno Lisi Romano\SVN-PIDC7-Felipe José\desenvolvimento\comum\Sprint-int01\system\Database\BaseConnection.php(620): CodeIgniter\Database\BaseConnection->simpleQuery('SELECT ppM.*, u...')
#3 D:\Conteúdo da Faculdade\Sétimo Semestre\Breno Lisi Romano\SVN-PIDC7-Felipe José\desenvolvimento\comum\Sprint-int01\app\Models\PagamentosMedicosModel.php(98): CodeIgniter\Database\BaseConnection->query('SELECT ppM.*, u...')
#4 D:\Conteúdo da Faculdade\Sétimo Semestre\Breno Lisi Romano\SVN-PIDC7-Felipe José\desenvolvimento\comum\Sprint-int01\app\Views\pagamentos\list_medicos_aberto.php(29): App\Models\PagamentosMedicosModel->medicosInadimplentes()
#5 D:\Conteúdo da Faculdade\Sétimo Semestre\Breno Lisi Romano\SVN-PIDC7-Felipe José\desenvolvimento\comum\Sprint-int01\system\View\View.php(213): include('D:\\Conte\xC3\xBAdo da...')
#6 D:\Conteúdo da Faculdade\Sétimo Semestre\Breno Lisi Romano\SVN-PIDC7-Felipe José\desenvolvimento\comum\Sprint-int01\system\View\View.php(216): CodeIgniter\View\View->CodeIgniter\View\{closure}()
#7 D:\Conteúdo da Faculdade\Sétimo Semestre\Breno Lisi Romano\SVN-PIDC7-Felipe José\desenvolvimento\comum\Sprint-int01\system\Common.php(1137): CodeIgniter\View\View->render('/pagamentos/lis...', Array, true)
#8 D:\Conteúdo da Faculdade\Sétimo Semestre\Breno Lisi Romano\SVN-PIDC7-Felipe José\desenvolvimento\comum\Sprint-int01\app\Controllers\PagamentosController.php(42): view('/pagamentos/lis...')
#9 D:\Conteúdo da Faculdade\Sétimo Semestre\Breno Lisi Romano\SVN-PIDC7-Felipe José\desenvolvimento\comum\Sprint-int01\system\CodeIgniter.php(898): App\Controllers\PagamentosController->listarMedicosAPagar()
#10 D:\Conteúdo da Faculdade\Sétimo Semestre\Breno Lisi Romano\SVN-PIDC7-Felipe José\desenvolvimento\comum\Sprint-int01\system\CodeIgniter.php(457): CodeIgniter\CodeIgniter->runController(Object(App\Controllers\PagamentosController))
#11 D:\Conteúdo da Faculdade\Sétimo Semestre\Breno Lisi Romano\SVN-PIDC7-Felipe José\desenvolvimento\comum\Sprint-int01\system\CodeIgniter.php(340): CodeIgniter\CodeIgniter->handleRequest(NULL, Object(Config\Cache), false)
#12 D:\Conteúdo da Faculdade\Sétimo Semestre\Breno Lisi Romano\SVN-PIDC7-Felipe José\desenvolvimento\comum\Sprint-int01\public\index.php(67): CodeIgniter\CodeIgniter->run()
#13 D:\Conteúdo da Faculdade\Sétimo Semestre\Breno Lisi Romano\SVN-PIDC7-Felipe José\desenvolvimento\comum\Sprint-int01\system\Commands\Server\rewrite.php(43): require_once('D:\\Conte\xC3\xBAdo da...')
#14 {main}
CRITICAL - 2022-10-22 14:17:36 --> You have an error in your SQL syntax; check the manual that corresponds to your MariaDB server version for the right syntax to use near 'AND ppM.PGM_DATA_PAGAMENTO_REALIZADO != NULL' at line 1
in SYSTEMPATH\Database\MySQLi\Connection.php on line 292.
 1 SYSTEMPATH\Database\MySQLi\Connection.php(292): mysqli->query('SELECT ppM.*, uc.USC_NOME, uc.USC_CPF, uc.USC_ID, fun.FUN_PRONTUARIO FROM pagamentos_medicos AS ppM, medicos AS m, funcionarios AS fun, usuario_comum AS uc WHERE ppM.FK_MEDICOS_MED_ID = m.MED_ID AND m.FK_FUNCIONARIOS_FUN_ID = fun.FUN_ID AND AND ppM.PGM_DATA_PAGAMENTO_REALIZADO != NULL', 0)
 2 SYSTEMPATH\Database\BaseConnection.php(693): CodeIgniter\Database\MySQLi\Connection->execute('SELECT ppM.*, uc.USC_NOME, uc.USC_CPF, uc.USC_ID, fun.FUN_PRONTUARIO FROM pagamentos_medicos AS ppM, medicos AS m, funcionarios AS fun, usuario_comum AS uc WHERE ppM.FK_MEDICOS_MED_ID = m.MED_ID AND m.FK_FUNCIONARIOS_FUN_ID = fun.FUN_ID AND AND ppM.PGM_DATA_PAGAMENTO_REALIZADO != NULL')
 3 SYSTEMPATH\Database\BaseConnection.php(620): CodeIgniter\Database\BaseConnection->simpleQuery('SELECT ppM.*, uc.USC_NOME, uc.USC_CPF, uc.USC_ID, fun.FUN_PRONTUARIO FROM pagamentos_medicos AS ppM, medicos AS m, funcionarios AS fun, usuario_comum AS uc WHERE ppM.FK_MEDICOS_MED_ID = m.MED_ID AND m.FK_FUNCIONARIOS_FUN_ID = fun.FUN_ID AND AND ppM.PGM_DATA_PAGAMENTO_REALIZADO != NULL')
 4 APPPATH\Models\PagamentosMedicosModel.php(98): CodeIgniter\Database\BaseConnection->query('SELECT ppM.*, uc.USC_NOME, uc.USC_CPF, uc.USC_ID, fun.FUN_PRONTUARIO FROM pagamentos_medicos AS ppM, medicos AS m, funcionarios AS fun, usuario_comum AS uc WHERE ppM.FK_MEDICOS_MED_ID = m.MED_ID AND m.FK_FUNCIONARIOS_FUN_ID = fun.FUN_ID AND AND ppM.PGM_DATA_PAGAMENTO_REALIZADO != NULL')
 5 APPPATH\Views\pagamentos\list_medicos_aberto.php(29): App\Models\PagamentosMedicosModel->medicosInadimplentes()
 6 SYSTEMPATH\View\View.php(213): include('APPPATH\\Views\\pagamentos\\list_medicos_aberto.php')
 7 SYSTEMPATH\View\View.php(216): CodeIgniter\View\View->CodeIgniter\View\{closure}()
 8 SYSTEMPATH\Common.php(1137): CodeIgniter\View\View->render('/pagamentos/list_medicos_aberto.php', [], true)
 9 APPPATH\Controllers\PagamentosController.php(42): view('/pagamentos/list_medicos_aberto.php')
10 SYSTEMPATH\CodeIgniter.php(898): App\Controllers\PagamentosController->listarMedicosAPagar()
11 SYSTEMPATH\CodeIgniter.php(457): CodeIgniter\CodeIgniter->runController(Object(App\Controllers\PagamentosController))
12 SYSTEMPATH\CodeIgniter.php(340): CodeIgniter\CodeIgniter->handleRequest(null, Object(Config\Cache), false)
13 FCPATH\index.php(67): CodeIgniter\CodeIgniter->run()
14 SYSTEMPATH\Commands\Server\rewrite.php(43): require_once('FCPATH\\index.php')
CRITICAL - 2022-10-22 14:25:41 --> Undefined property: stdClass::$USC_ID
in APPPATH\Views\pagamentos\list_medicos_aberto.php on line 153.
 1 APPPATH\Views\pagamentos\list_medicos_aberto.php(153): CodeIgniter\Debug\Exceptions->errorHandler(2, 'Undefined property: stdClass::$USC_ID', 'APPPATH\\Views\\pagamentos\\list_medicos_aberto.php', 153)
 2 SYSTEMPATH\View\View.php(213): include('APPPATH\\Views\\pagamentos\\list_medicos_aberto.php')
 3 SYSTEMPATH\View\View.php(216): CodeIgniter\View\View->CodeIgniter\View\{closure}()
 4 SYSTEMPATH\Common.php(1137): CodeIgniter\View\View->render('/pagamentos/list_medicos_aberto.php', [], true)
 5 APPPATH\Controllers\PagamentosController.php(42): view('/pagamentos/list_medicos_aberto.php')
 6 SYSTEMPATH\CodeIgniter.php(898): App\Controllers\PagamentosController->listarMedicosAPagar()
 7 SYSTEMPATH\CodeIgniter.php(457): CodeIgniter\CodeIgniter->runController(Object(App\Controllers\PagamentosController))
 8 SYSTEMPATH\CodeIgniter.php(340): CodeIgniter\CodeIgniter->handleRequest(null, Object(Config\Cache), false)
 9 FCPATH\index.php(67): CodeIgniter\CodeIgniter->run()
10 SYSTEMPATH\Commands\Server\rewrite.php(43): require_once('FCPATH\\index.php')
ERROR - 2022-10-22 14:27:08 --> mysqli_sql_exception: You have an error in your SQL syntax; check the manual that corresponds to your MariaDB server version for the right syntax to use near '= NULL' at line 1 in D:\Conteúdo da Faculdade\Sétimo Semestre\Breno Lisi Romano\SVN-PIDC7-Felipe José\desenvolvimento\comum\Sprint-int01\system\Database\MySQLi\Connection.php:292
Stack trace:
#0 D:\Conteúdo da Faculdade\Sétimo Semestre\Breno Lisi Romano\SVN-PIDC7-Felipe José\desenvolvimento\comum\Sprint-int01\system\Database\MySQLi\Connection.php(292): mysqli->query('SELECT ppM.*, u...', 0)
#1 D:\Conteúdo da Faculdade\Sétimo Semestre\Breno Lisi Romano\SVN-PIDC7-Felipe José\desenvolvimento\comum\Sprint-int01\system\Database\BaseConnection.php(693): CodeIgniter\Database\MySQLi\Connection->execute('SELECT ppM.*, u...')
#2 D:\Conteúdo da Faculdade\Sétimo Semestre\Breno Lisi Romano\SVN-PIDC7-Felipe José\desenvolvimento\comum\Sprint-int01\system\Database\BaseConnection.php(620): CodeIgniter\Database\BaseConnection->simpleQuery('SELECT ppM.*, u...')
#3 D:\Conteúdo da Faculdade\Sétimo Semestre\Breno Lisi Romano\SVN-PIDC7-Felipe José\desenvolvimento\comum\Sprint-int01\app\Models\PagamentosMedicosModel.php(98): CodeIgniter\Database\BaseConnection->query('SELECT ppM.*, u...')
#4 D:\Conteúdo da Faculdade\Sétimo Semestre\Breno Lisi Romano\SVN-PIDC7-Felipe José\desenvolvimento\comum\Sprint-int01\app\Views\pagamentos\list_medicos_aberto.php(29): App\Models\PagamentosMedicosModel->medicosInadimplentes()
#5 D:\Conteúdo da Faculdade\Sétimo Semestre\Breno Lisi Romano\SVN-PIDC7-Felipe José\desenvolvimento\comum\Sprint-int01\system\View\View.php(213): include('D:\\Conte\xC3\xBAdo da...')
#6 D:\Conteúdo da Faculdade\Sétimo Semestre\Breno Lisi Romano\SVN-PIDC7-Felipe José\desenvolvimento\comum\Sprint-int01\system\View\View.php(216): CodeIgniter\View\View->CodeIgniter\View\{closure}()
#7 D:\Conteúdo da Faculdade\Sétimo Semestre\Breno Lisi Romano\SVN-PIDC7-Felipe José\desenvolvimento\comum\Sprint-int01\system\Common.php(1137): CodeIgniter\View\View->render('/pagamentos/lis...', Array, true)
#8 D:\Conteúdo da Faculdade\Sétimo Semestre\Breno Lisi Romano\SVN-PIDC7-Felipe José\desenvolvimento\comum\Sprint-int01\app\Controllers\PagamentosController.php(42): view('/pagamentos/lis...')
#9 D:\Conteúdo da Faculdade\Sétimo Semestre\Breno Lisi Romano\SVN-PIDC7-Felipe José\desenvolvimento\comum\Sprint-int01\system\CodeIgniter.php(898): App\Controllers\PagamentosController->listarMedicosAPagar()
#10 D:\Conteúdo da Faculdade\Sétimo Semestre\Breno Lisi Romano\SVN-PIDC7-Felipe José\desenvolvimento\comum\Sprint-int01\system\CodeIgniter.php(457): CodeIgniter\CodeIgniter->runController(Object(App\Controllers\PagamentosController))
#11 D:\Conteúdo da Faculdade\Sétimo Semestre\Breno Lisi Romano\SVN-PIDC7-Felipe José\desenvolvimento\comum\Sprint-int01\system\CodeIgniter.php(340): CodeIgniter\CodeIgniter->handleRequest(NULL, Object(Config\Cache), false)
#12 D:\Conteúdo da Faculdade\Sétimo Semestre\Breno Lisi Romano\SVN-PIDC7-Felipe José\desenvolvimento\comum\Sprint-int01\public\index.php(67): CodeIgniter\CodeIgniter->run()
#13 D:\Conteúdo da Faculdade\Sétimo Semestre\Breno Lisi Romano\SVN-PIDC7-Felipe José\desenvolvimento\comum\Sprint-int01\system\Commands\Server\rewrite.php(43): require_once('D:\\Conte\xC3\xBAdo da...')
#14 {main}
CRITICAL - 2022-10-22 14:27:08 --> You have an error in your SQL syntax; check the manual that corresponds to your MariaDB server version for the right syntax to use near '= NULL' at line 1
in SYSTEMPATH\Database\MySQLi\Connection.php on line 292.
 1 SYSTEMPATH\Database\MySQLi\Connection.php(292): mysqli->query('SELECT ppM.*, uc.USC_NOME, uc.USC_CPF, m.FK_FUNCIONARIOS_FUN_ID, fun.FUN_PRONTUARIO FROM pagamentos_medicos AS ppM, medicos AS m, funcionarios AS fun, usuario_comum AS uc WHERE ppM.FK_MEDICOS_MED_ID = m.MED_ID AND m.FK_FUNCIONARIOS_FUN_ID = fun.FUN_ID AND ppM.PGM_DATA_PAGAMENTO_REALIZADO == NULL', 0)
 2 SYSTEMPATH\Database\BaseConnection.php(693): CodeIgniter\Database\MySQLi\Connection->execute('SELECT ppM.*, uc.USC_NOME, uc.USC_CPF, m.FK_FUNCIONARIOS_FUN_ID, fun.FUN_PRONTUARIO FROM pagamentos_medicos AS ppM, medicos AS m, funcionarios AS fun, usuario_comum AS uc WHERE ppM.FK_MEDICOS_MED_ID = m.MED_ID AND m.FK_FUNCIONARIOS_FUN_ID = fun.FUN_ID AND ppM.PGM_DATA_PAGAMENTO_REALIZADO == NULL')
 3 SYSTEMPATH\Database\BaseConnection.php(620): CodeIgniter\Database\BaseConnection->simpleQuery('SELECT ppM.*, uc.USC_NOME, uc.USC_CPF, m.FK_FUNCIONARIOS_FUN_ID, fun.FUN_PRONTUARIO FROM pagamentos_medicos AS ppM, medicos AS m, funcionarios AS fun, usuario_comum AS uc WHERE ppM.FK_MEDICOS_MED_ID = m.MED_ID AND m.FK_FUNCIONARIOS_FUN_ID = fun.FUN_ID AND ppM.PGM_DATA_PAGAMENTO_REALIZADO == NULL')
 4 APPPATH\Models\PagamentosMedicosModel.php(98): CodeIgniter\Database\BaseConnection->query('SELECT ppM.*, uc.USC_NOME, uc.USC_CPF, m.FK_FUNCIONARIOS_FUN_ID, fun.FUN_PRONTUARIO FROM pagamentos_medicos AS ppM, medicos AS m, funcionarios AS fun, usuario_comum AS uc WHERE ppM.FK_MEDICOS_MED_ID = m.MED_ID AND m.FK_FUNCIONARIOS_FUN_ID = fun.FUN_ID AND ppM.PGM_DATA_PAGAMENTO_REALIZADO == NULL')
 5 APPPATH\Views\pagamentos\list_medicos_aberto.php(29): App\Models\PagamentosMedicosModel->medicosInadimplentes()
 6 SYSTEMPATH\View\View.php(213): include('APPPATH\\Views\\pagamentos\\list_medicos_aberto.php')
 7 SYSTEMPATH\View\View.php(216): CodeIgniter\View\View->CodeIgniter\View\{closure}()
 8 SYSTEMPATH\Common.php(1137): CodeIgniter\View\View->render('/pagamentos/list_medicos_aberto.php', [], true)
 9 APPPATH\Controllers\PagamentosController.php(42): view('/pagamentos/list_medicos_aberto.php')
10 SYSTEMPATH\CodeIgniter.php(898): App\Controllers\PagamentosController->listarMedicosAPagar()
11 SYSTEMPATH\CodeIgniter.php(457): CodeIgniter\CodeIgniter->runController(Object(App\Controllers\PagamentosController))
12 SYSTEMPATH\CodeIgniter.php(340): CodeIgniter\CodeIgniter->handleRequest(null, Object(Config\Cache), false)
13 FCPATH\index.php(67): CodeIgniter\CodeIgniter->run()
14 SYSTEMPATH\Commands\Server\rewrite.php(43): require_once('FCPATH\\index.php')
ERROR - 2022-10-22 14:39:57 --> mysqli_sql_exception: FUNCTION omnimed.GETDATE does not exist in D:\Conteúdo da Faculdade\Sétimo Semestre\Breno Lisi Romano\SVN-PIDC7-Felipe José\desenvolvimento\comum\Sprint-int01\system\Database\MySQLi\Connection.php:292
Stack trace:
#0 D:\Conteúdo da Faculdade\Sétimo Semestre\Breno Lisi Romano\SVN-PIDC7-Felipe José\desenvolvimento\comum\Sprint-int01\system\Database\MySQLi\Connection.php(292): mysqli->query('SELECT ppM.*, u...', 0)
#1 D:\Conteúdo da Faculdade\Sétimo Semestre\Breno Lisi Romano\SVN-PIDC7-Felipe José\desenvolvimento\comum\Sprint-int01\system\Database\BaseConnection.php(693): CodeIgniter\Database\MySQLi\Connection->execute('SELECT ppM.*, u...')
#2 D:\Conteúdo da Faculdade\Sétimo Semestre\Breno Lisi Romano\SVN-PIDC7-Felipe José\desenvolvimento\comum\Sprint-int01\system\Database\BaseConnection.php(620): CodeIgniter\Database\BaseConnection->simpleQuery('SELECT ppM.*, u...')
#3 D:\Conteúdo da Faculdade\Sétimo Semestre\Breno Lisi Romano\SVN-PIDC7-Felipe José\desenvolvimento\comum\Sprint-int01\app\Models\PagamentosMedicosModel.php(98): CodeIgniter\Database\BaseConnection->query('SELECT ppM.*, u...')
#4 D:\Conteúdo da Faculdade\Sétimo Semestre\Breno Lisi Romano\SVN-PIDC7-Felipe José\desenvolvimento\comum\Sprint-int01\app\Views\pagamentos\list_medicos_aberto.php(29): App\Models\PagamentosMedicosModel->medicosInadimplentes()
#5 D:\Conteúdo da Faculdade\Sétimo Semestre\Breno Lisi Romano\SVN-PIDC7-Felipe José\desenvolvimento\comum\Sprint-int01\system\View\View.php(213): include('D:\\Conte\xC3\xBAdo da...')
#6 D:\Conteúdo da Faculdade\Sétimo Semestre\Breno Lisi Romano\SVN-PIDC7-Felipe José\desenvolvimento\comum\Sprint-int01\system\View\View.php(216): CodeIgniter\View\View->CodeIgniter\View\{closure}()
#7 D:\Conteúdo da Faculdade\Sétimo Semestre\Breno Lisi Romano\SVN-PIDC7-Felipe José\desenvolvimento\comum\Sprint-int01\system\Common.php(1137): CodeIgniter\View\View->render('/pagamentos/lis...', Array, true)
#8 D:\Conteúdo da Faculdade\Sétimo Semestre\Breno Lisi Romano\SVN-PIDC7-Felipe José\desenvolvimento\comum\Sprint-int01\app\Controllers\PagamentosController.php(42): view('/pagamentos/lis...')
#9 D:\Conteúdo da Faculdade\Sétimo Semestre\Breno Lisi Romano\SVN-PIDC7-Felipe José\desenvolvimento\comum\Sprint-int01\system\CodeIgniter.php(898): App\Controllers\PagamentosController->listarMedicosAPagar()
#10 D:\Conteúdo da Faculdade\Sétimo Semestre\Breno Lisi Romano\SVN-PIDC7-Felipe José\desenvolvimento\comum\Sprint-int01\system\CodeIgniter.php(457): CodeIgniter\CodeIgniter->runController(Object(App\Controllers\PagamentosController))
#11 D:\Conteúdo da Faculdade\Sétimo Semestre\Breno Lisi Romano\SVN-PIDC7-Felipe José\desenvolvimento\comum\Sprint-int01\system\CodeIgniter.php(340): CodeIgniter\CodeIgniter->handleRequest(NULL, Object(Config\Cache), false)
#12 D:\Conteúdo da Faculdade\Sétimo Semestre\Breno Lisi Romano\SVN-PIDC7-Felipe José\desenvolvimento\comum\Sprint-int01\public\index.php(67): CodeIgniter\CodeIgniter->run()
#13 D:\Conteúdo da Faculdade\Sétimo Semestre\Breno Lisi Romano\SVN-PIDC7-Felipe José\desenvolvimento\comum\Sprint-int01\system\Commands\Server\rewrite.php(43): require_once('D:\\Conte\xC3\xBAdo da...')
#14 {main}
CRITICAL - 2022-10-22 14:39:57 --> FUNCTION omnimed.GETDATE does not exist
in SYSTEMPATH\Database\MySQLi\Connection.php on line 292.
 1 SYSTEMPATH\Database\MySQLi\Connection.php(292): mysqli->query('SELECT ppM.*, uc.USC_NOME, uc.USC_CPF, m.FK_FUNCIONARIOS_FUN_ID, fun.FUN_PRONTUARIO FROM pagamentos_medicos AS ppM, medicos AS m, funcionarios AS fun, usuario_comum AS uc WHERE ppM.PGM_DATA_PAGAMENTO_REALIZADO > CAST( GETDATE() AS Date )', 0)
 2 SYSTEMPATH\Database\BaseConnection.php(693): CodeIgniter\Database\MySQLi\Connection->execute('SELECT ppM.*, uc.USC_NOME, uc.USC_CPF, m.FK_FUNCIONARIOS_FUN_ID, fun.FUN_PRONTUARIO FROM pagamentos_medicos AS ppM, medicos AS m, funcionarios AS fun, usuario_comum AS uc WHERE ppM.PGM_DATA_PAGAMENTO_REALIZADO > CAST( GETDATE() AS Date )')
 3 SYSTEMPATH\Database\BaseConnection.php(620): CodeIgniter\Database\BaseConnection->simpleQuery('SELECT ppM.*, uc.USC_NOME, uc.USC_CPF, m.FK_FUNCIONARIOS_FUN_ID, fun.FUN_PRONTUARIO FROM pagamentos_medicos AS ppM, medicos AS m, funcionarios AS fun, usuario_comum AS uc WHERE ppM.PGM_DATA_PAGAMENTO_REALIZADO > CAST( GETDATE() AS Date )')
 4 APPPATH\Models\PagamentosMedicosModel.php(98): CodeIgniter\Database\BaseConnection->query('SELECT ppM.*, uc.USC_NOME, uc.USC_CPF, m.FK_FUNCIONARIOS_FUN_ID, fun.FUN_PRONTUARIO FROM pagamentos_medicos AS ppM, medicos AS m, funcionarios AS fun, usuario_comum AS uc WHERE ppM.PGM_DATA_PAGAMENTO_REALIZADO > CAST( GETDATE() AS Date )')
 5 APPPATH\Views\pagamentos\list_medicos_aberto.php(29): App\Models\PagamentosMedicosModel->medicosInadimplentes()
 6 SYSTEMPATH\View\View.php(213): include('APPPATH\\Views\\pagamentos\\list_medicos_aberto.php')
 7 SYSTEMPATH\View\View.php(216): CodeIgniter\View\View->CodeIgniter\View\{closure}()
 8 SYSTEMPATH\Common.php(1137): CodeIgniter\View\View->render('/pagamentos/list_medicos_aberto.php', [], true)
 9 APPPATH\Controllers\PagamentosController.php(42): view('/pagamentos/list_medicos_aberto.php')
10 SYSTEMPATH\CodeIgniter.php(898): App\Controllers\PagamentosController->listarMedicosAPagar()
11 SYSTEMPATH\CodeIgniter.php(457): CodeIgniter\CodeIgniter->runController(Object(App\Controllers\PagamentosController))
12 SYSTEMPATH\CodeIgniter.php(340): CodeIgniter\CodeIgniter->handleRequest(null, Object(Config\Cache), false)
13 FCPATH\index.php(67): CodeIgniter\CodeIgniter->run()
14 SYSTEMPATH\Commands\Server\rewrite.php(43): require_once('FCPATH\\index.php')
